name,R2,R2_std,MAE,MAE_std,RMSE,RMSE_std,within_5_years,within_10_years,within_20_years,R2_seed_0,skew,kurtosis
400-Pyrénées-Orientales_,-0.9236612868012395,0.0,30.301787511551293,0.0,34.88968403979037,0.0,0.05833700334060174,0.12114246431141712,0.2922435739067854,-0.9236612868012395,-0.4767022193658303,1.3000266508496434
300-Pyrénées-Orientales_,-0.8852423519057451,0.0,30.146952727072048,0.0,34.53952238397427,0.0,0.0610008915432291,0.12629837696166363,0.28676541671589845,-0.8852423519057451,-0.6701199074352745,1.4890253610184683
250-Pyrénées-Orientales_,-0.6804109996617418,0.0,28.240262789059226,0.0,32.60922608726163,0.0,0.06761764611104547,0.14119681622393848,0.3248010139961546,-0.6804109996617418,-0.7414001550049721,1.9231738060859866
350-Pyrénées-Orientales_,-0.669882607255355,0.0,28.136201865875613,0.0,32.506911183226904,0.0,0.06769283650386157,0.14099272801486623,0.3293124375651203,-0.669882607255355,-0.6759040539859642,1.5936015812178086
200-Pyrénées-Orientales_,-0.48060360861897866,0.0,25.89499103065049,0.0,30.609211045318954,0.0,0.08775792990107092,0.18058584057488425,0.3924723675306401,-0.48060360861897866,-0.6533635175005345,1.7060594423995337
450-Pyrénées-Orientales_,-0.3578549576694878,0.0,24.43100048391228,0.0,29.312943110423983,0.0,0.09658743031461808,0.19944788768703609,0.4425813936002234,-0.3578549576694878,-0.4380414375689657,1.5574751029267366
200-Aude_,-0.298990439170574,0.0,27.852444853737307,0.0,33.186458720054425,0.0,0.08353784127262369,0.17454752618432007,0.3761339234848153,-0.298990439170574,-0.5162833069025065,0.9635224756810619
300-Aude_,-0.2831297508399555,0.0,27.238725983619563,0.0,32.98323294455591,0.0,0.09532626320171787,0.1951772645602349,0.41002015863973007,-0.2831297508399555,-0.43829982941162315,0.7737419117686613
450-Bouches-du-Rhône_,-0.26085812394522834,0.0,25.19910294818072,0.0,31.13404893653254,0.0,0.12167942301153142,0.23878326542543354,0.45790406194632194,-0.26085812394522834,-0.4312688980716312,0.672224504212303
250-Aude_,-0.2481397450070939,0.0,26.770297141041492,0.0,32.53041030419968,0.0,0.09879924624216661,0.201717866690039,0.4183684648757614,-0.2481397450070939,-0.4221829620280042,0.8264875058201837
400-Hérault_,-0.24559453782081797,0.0,27.51826918069907,0.0,32.96564279486484,0.0,0.08873855949064863,0.18372157090820043,0.3899966328935688,-0.24559453782081797,-0.4818667432852962,0.7162102161419539
450-Seine-et-Marne_,-0.2376454435933053,0.0,27.479626768435047,0.0,33.42122310392557,0.0,0.11183385488086448,0.2189503416429333,0.41641761307033276,-0.2376454435933053,-0.4996583594385476,0.12859913681053436
450-Var_,-0.22725184463603365,0.0,24.921340882752137,0.0,30.510752121014146,0.0,0.12218800739040367,0.2408655730362242,0.4539499468114887,-0.22725184463603365,-0.5452714844779558,0.7387201685260663
250-Essonne_,-0.20299471508064415,0.0,25.295809678945858,0.0,30.490375880137165,0.0,0.10795348159860195,0.220473505731583,0.4423617034555932,-0.20299471508064415,-0.46678444301888455,0.30213360625675945
150-Bas-Rhin_,-0.18187548840602785,0.0,26.67025684173177,0.0,32.737129520892275,0.0,0.10910417573414578,0.21892521569932666,0.432589159988735,-0.18187548840602785,-0.13390440446037935,-0.014128599247440476
400-Aude_,-0.16567534902015857,0.0,24.860525892108825,0.0,31.437408677929714,0.0,0.13238967527060783,0.25705552390551734,0.4865791664840703,-0.16567534902015857,-0.09873303257639642,0.5426697690335041
300-Hérault_,-0.1620034213126078,0.0,26.414619107593637,0.0,31.84028190993617,0.0,0.09964798432765007,0.20067342128623467,0.4128317365086167,-0.1620034213126078,-0.4833659533800914,0.6425140677348282
350-Vaucluse_,-0.13715816161722238,0.0,24.888032995821696,0.0,30.91540786023598,0.0,0.13041417058139035,0.2534586044907986,0.4688079127699004,-0.13715816161722238,-0.4810395135975514,0.724627420336406
300-Gard_,-0.12793306026724305,0.0,23.62375722449963,0.0,29.88697998810761,0.0,0.14237864933432462,0.27618821329204635,0.5115314749097486,-0.12793306026724305,-0.33012961452484,0.8220137017188067
350-Bouches-du-Rhône_,-0.1229207453072727,0.0,23.479320595508486,0.0,29.38170850580933,0.0,0.13387301719869474,0.26351645598315326,0.5009336093396727,-0.1229207453072727,-0.47056944035186976,0.7510633348373199
450-Aude_,-0.11383645142047327,0.0,24.636924534687378,0.0,30.730430754686576,0.0,0.12847846093167975,0.2525636530961041,0.48636005083483064,-0.11383645142047327,-0.27767718780951095,0.460169507288005
450-Drôme_,-0.10999745723697618,0.0,22.978662928338963,0.0,28.84058874455329,0.0,0.14468373154160502,0.2766565547672174,0.5067440519467495,-0.10999745723697618,-0.5030582907133146,1.193196590093148
100-Pyrénées-Orientales_,-0.09768917944928979,0.0,21.572811886927663,0.0,26.355570746263112,0.0,0.11621212283961889,0.24299386661224315,0.5218965165365157,-0.09768917944928979,-0.5893987866212638,2.0615328460914144
350-Aude_,-0.09627484115901086,0.0,24.718592589532282,0.0,30.48720832224161,0.0,0.12154345063324423,0.23766378894780665,0.46798720364608437,-0.09627484115901086,-0.42471743874628626,0.7699675570699784
350-Haute-Savoie_,-0.09017066728297651,0.0,22.35423541471638,0.0,27.947801797918768,0.0,0.1450818279630783,0.280887932499009,0.5198822130358458,-0.09017066728297651,-0.637663552881812,0.9680205463357692
450-Rhône_,-0.08342669627634702,0.0,23.44330621660873,0.0,29.20587144151934,0.0,0.1440904471978618,0.2744754796895147,0.4918920303653923,-0.08342669627634702,-0.35181030459871593,0.4665714247370518
200-Haute-Savoie_,-0.06885642990787844,0.0,21.969141162803403,0.0,27.673245472865762,0.0,0.15273798063310493,0.2941729429752534,0.5338241123506428,-0.06885642990787844,-0.6691479745723223,1.1454100089840527
250-Seine-et-Marne_,-0.051200957306313244,0.0,24.83098503819104,0.0,30.80116120743024,0.0,0.1324613527419336,0.2562966609237838,0.4754286651899254,-0.051200957306313244,-0.3936473648662545,0.16734281547966878
450-Vaucluse_,-0.04642444414161617,0.0,23.809847114548848,0.0,29.656403506999904,0.0,0.13580140499073395,0.2640822307460242,0.4864672671637288,-0.04642444414161617,-0.4567685852452955,0.7196262574659182
400-Bouches-du-Rhône_,-0.04479940414508432,0.0,22.76687414146111,0.0,28.341246755571017,0.0,0.13838297669257707,0.27345507042337547,0.5103532205048054,-0.04479940414508432,-0.6371790127530627,0.6572249816238434
250-Bouches-du-Rhône_,-0.0365905950167833,0.0,22.340358064284867,0.0,28.229691055608328,0.0,0.14300031617440898,0.2840498959010672,0.5333385034809013,-0.0365905950167833,-0.420220769744847,0.6368009471146809
350-Hérault_,-0.035746297407895034,0.0,24.22670463424926,0.0,30.060755801381728,0.0,0.11898129725427775,0.2394073892681135,0.4820165906516881,-0.035746297407895034,-0.35057243880371847,0.8720195226616845
350-Var_,-0.03343115479438863,0.0,22.13344765245551,0.0,27.99798921017445,0.0,0.14731537987794635,0.28799059403168914,0.5359498348356755,-0.03343115479438863,-0.4165055856438595,0.7887484219550696
200-Bas-Rhin_,-0.03180591748960948,0.0,24.86696094845098,0.0,30.588187307817886,0.0,0.12949640287769784,0.24978238050129292,0.4597915973271205,-0.03180591748960948,-0.2591894896239703,-0.02500372539239848
200-Bouches-du-Rhône_,-0.031107293485266307,0.0,21.987343655856087,0.0,28.154928099700644,0.0,0.15036777645872731,0.2970428744429663,0.5485089095562223,-0.031107293485266307,-0.441800369544496,0.9147973773980826
350-Gard_,-0.01867501516633152,0.0,22.351123508513336,0.0,28.40260649437256,0.0,0.14931516298890923,0.2915175252358798,0.5336363427327565,-0.01867501516633152,-0.43123355059434015,1.0670427924696568
150-Pyrénées-Orientales_,-0.017461971216940375,0.0,20.626443295219804,0.0,25.374168935744603,0.0,0.13055200489811702,0.2692138307356843,0.5517363609998174,-0.017461971216940375,-0.7511117924446692,2.04071195000271
150-Var_,-0.010198698719045662,0.0,21.76643145754345,0.0,27.68149039340717,0.0,0.152925368120486,0.2941660601310117,0.5423660489334303,-0.010198698719045662,-0.4587344651216825,1.1307701583325676
450-Haute-Garonne_,-0.009801878497076588,0.0,20.902263179874666,0.0,26.7351687140507,0.0,0.1576493945534975,0.31006546233056875,0.5707574142608154,-0.009801878497076588,-0.1520547656982936,0.9995456181441238
300-Bouches-du-Rhône_,-0.009253329785191111,0.0,22.087794053939195,0.0,27.854963175646542,0.0,0.14792786451031742,0.28827947431530343,0.5357426220999946,-0.009253329785191111,-0.5647383950110189,0.729187574670485
450-Landes_,-0.0072964052687003456,0.0,24.204347672019093,0.0,29.687531125418882,0.0,0.1306316649980252,0.2527762213996381,0.4643568994498076,-0.0072964052687003456,-0.6929937616736997,0.5703609704785331
300-Vaucluse_,0.006431575006103807,0.0,22.95526469876395,0.0,28.897710421840188,0.0,0.14603715036848683,0.2813968021376546,0.5152997457225359,0.006431575006103807,-0.489248034000394,0.751484640178961
400-Gard_,0.011479075498744051,0.0,21.98337131648161,0.0,27.979071815219495,0.0,0.15313982631889567,0.29746529827008716,0.544903387011474,0.011479075498744051,-0.44114743020237923,0.9487394741667927
250-Haute-Savoie_,0.012787122815864693,0.0,21.155471750085827,0.0,26.59535637630263,0.0,0.14863808822696642,0.29106970949657396,0.5499631915737018,0.012787122815864693,-0.793427079572956,1.168510713360285
150-Seine-et-Marne_,0.015216688561917602,0.0,24.077971039009714,0.0,29.81223637659714,0.0,0.13397325457379605,0.26318226035183945,0.4833808000187523,0.015216688561917602,-0.38340287929059125,0.13369892570913544
50-Charente-Maritime_,0.01643167672903323,0.0,25.51928548416805,0.0,32.35365053465246,0.0,0.1306265780538062,0.2569434367472502,0.48345038743941726,0.01643167672903323,-0.3301625022846826,0.6426349673037621
400-Drôme_,0.027721955517799768,0.0,21.153270023950473,0.0,26.99220534464141,0.0,0.16324867751397698,0.3121944493193271,0.5613733797979291,0.027721955517799768,-0.5183017373680213,1.1254150503381029
250-Gard_,0.028292115323979794,0.0,21.672334840061982,0.0,27.74011345824799,0.0,0.15953981405544612,0.3095141374579402,0.5541163034897179,0.028292115323979794,-0.4805908325683163,0.9683498264420209
450-Ain_,0.029553227782058267,0.0,22.9264580485854,0.0,28.547576782786688,0.0,0.1404464704961653,0.27066051025199567,0.49375880419470974,0.029553227782058267,-0.8233771609441702,1.1763420750249614
100-Haute-Savoie_,0.03139986612220047,0.0,20.658318669780193,0.0,26.343451224379937,0.0,0.16227419446174754,0.31290560054363215,0.568820431508013,0.03139986612220047,-0.8761076452936896,1.4662020363774992
350-Essonne_,0.03148798839846878,0.0,21.854527816631197,0.0,27.35794198291574,0.0,0.15926727276509872,0.29891609628227267,0.5267023113570641,0.03148798839846878,-0.4741516503420096,0.4568158401330833
350-Morbihan_,0.0337676026554562,0.0,24.68440236668214,0.0,30.040526396360775,0.0,0.1303378226143893,0.2528680666357061,0.4500347156763119,0.0337676026554562,-0.6470823914103234,0.4520292671634696
350-Drôme_,0.038922700228299134,0.0,21.003430012967787,0.0,26.83627845666798,0.0,0.1647654624313686,0.31678241030912324,0.5657482387745381,0.038922700228299134,-0.5931459189914848,1.2546729962124878
300-Haute-Savoie_,0.041723006198328805,0.0,20.685954770540164,0.0,26.202693648671953,0.0,0.15168469335749477,0.30160258225267567,0.5667704853049436,0.041723006198328805,-0.8820938618687133,1.2827890354265277
350-Charente-Maritime_,0.04214606724997072,0.0,25.970429044254605,0.0,31.92792295748472,0.0,0.1186914124851264,0.23268856836056534,0.4442638651072351,0.04214606724997072,-0.5017964038442724,0.38469327624913374
150-Haute-Savoie_,0.04494396153654201,0.0,20.327634600717058,0.0,26.158620408239848,0.0,0.16590973441304718,0.32316665722860866,0.5867716178719067,0.04494396153654201,-0.7118298982726043,1.2752721515805456
150-Aude_,0.045071025743694704,0.0,22.359767501070756,0.0,28.454009360497903,0.0,0.15471755992813008,0.2939107761076296,0.538410973311714,0.045071025743694704,-0.614180247654854,1.0655150065754997
250-Bas-Rhin_,0.0521121155303772,0.0,23.64880843089166,0.0,29.31792435615739,0.0,0.1345272536419263,0.26187306382651887,0.48935584628382706,0.0521121155303772,-0.20782798960341528,0.06142169133328412
450-Haute-Savoie_,0.05696497018801916,0.0,20.276155868090456,0.0,25.993473679717408,0.0,0.1638371368707175,0.31833059629650606,0.5823659323857524,0.05696497018801916,-0.8253497719505211,1.2371148144282111
100-Aude_,0.05774842184232065,0.0,22.295705209433905,0.0,28.264504179179127,0.0,0.1496669442131557,0.2891121433892809,0.535726806608528,0.05774842184232065,-0.4011424777042667,0.9872475588277201
200-Haut-Rhin_,0.0578602604445434,0.0,24.045470188457035,0.0,29.32240730354969,0.0,0.12259979497850335,0.240119952875656,0.4632261815511253,0.0578602604445434,-0.25322061866793066,-0.027419758842346376
400-Var_,0.058390234260273344,0.0,20.850443802576144,0.0,26.725235683402083,0.0,0.16080286658081855,0.3128884161021219,0.5716309277196125,0.058390234260273344,-0.5462029473407661,0.883937618590398
450-Tarn_,0.05952110429852975,0.0,24.031523337495234,0.0,30.298639480779443,0.0,0.13881853092572924,0.26901707655854235,0.49157066209112943,0.05952110429852975,-0.22007438201314822,0.5115885981267483
100-Landes_,0.05985023926776867,0.0,23.03531293965988,0.0,28.680978251842653,0.0,0.13817269980068153,0.26884110552856133,0.5002893332476049,0.05985023926776867,-0.7489308820072132,0.7458812515610767
200-Charente-Maritime_,0.06202201225086934,0.0,25.62526611678851,0.0,31.594926308228967,0.0,0.12690454769712975,0.24442783759468323,0.450699422468584,0.06202201225086934,-0.4927973293029923,0.3326672868331406
250-Hérault_,0.06428067873919863,0.0,22.99322249811796,0.0,28.57235250236962,0.0,0.12851939147203773,0.2581958431540604,0.5086595855398084,0.06428067873919863,-0.6093693104677439,1.1353597986656823
100-Seine-et-Marne_,0.0664452784806785,0.0,23.200817364202152,0.0,29.026462157203394,0.0,0.14291574370333907,0.2803171477796139,0.5066980767202278,0.0664452784806785,-0.3685930226252354,0.2709923419249498
450-Yvelines_,0.0667072222733559,0.0,21.464491136492697,0.0,27.627937459193003,0.0,0.16367154800343542,0.31897198395355664,0.5650826783209941,0.0667072222733559,-0.37141767976275836,0.5221129029404294
200-Hérault_,0.06745993007732143,0.0,23.149226832968562,0.0,28.523771705302234,0.0,0.12270960237534054,0.24921485200036733,0.5013927576601671,0.06745993007732143,-0.7839645487762608,1.1407535959681505
400-Seine-et-Marne_,0.06842916577936498,0.0,23.120573163173646,0.0,28.99560383992288,0.0,0.1512956647093984,0.28780047583887114,0.5069090397665342,0.06842916577936498,-0.46696043423797545,0.22357438291720833
200-Drôme_,0.06934258667668591,0.0,20.557955752282915,0.0,26.408154389299778,0.0,0.16673352220021562,0.32043021535838745,0.575262616892722,0.06934258667668591,-0.5796300689628894,1.333310943181151
450-Essonne_,0.07513114209762617,0.0,21.177076280477884,0.0,26.734434164806725,0.0,0.1639066303284998,0.31334387417562987,0.5510641396384214,0.07513114209762617,-0.522266737298349,0.4383395125377665
450-Ille-et-Vilaine_,0.08581399061046613,0.0,24.199458719619027,0.0,29.641726167849175,0.0,0.12853346992348816,0.24970387681275408,0.46242703631377313,0.08581399061046613,-0.7646213697603452,0.8854596628030622
300-Haut-Rhin_,0.08585878739111885,0.0,23.442323519897975,0.0,28.883419309370527,0.0,0.13684419896265243,0.26344497314830395,0.48453158708058564,0.08585878739111885,-0.27935426456525053,0.006669299385249072
450-Gard_,0.08598465571760505,0.0,20.67815160473944,0.0,26.904016024624397,0.0,0.1678406364730319,0.326000812453533,0.5866527680905043,0.08598465571760505,-0.5005219362308643,1.314469450662564
400-Vaucluse_,0.08748865187938948,0.0,21.74306843251302,0.0,27.693872034197305,0.0,0.15449510839115632,0.3010171098564841,0.5545834590354696,0.08748865187938948,-0.5008592121323097,0.7414692535650067
250-Charente-Maritime_,0.08961420721955049,0.0,24.976689900282757,0.0,31.126748688498623,0.0,0.1305685346954175,0.2543895289781467,0.47278492033549063,0.08961420721955049,-0.5484771403614928,0.5670511139221275
400-Tarn_,0.09010801426635784,0.0,23.52278076989733,0.0,29.801870294305534,0.0,0.13967644415393415,0.2747364980799085,0.513617670288967,0.09010801426635784,-0.2009871649598586,0.45472485578333144
450-Manche_,0.09091906589605392,0.0,23.96930833332485,0.0,29.384574271314555,0.0,0.13024826918782104,0.25454105560932033,0.4682963597111591,0.09091906589605392,-0.7085801852366218,0.7981819773789964
400-Haute-Savoie_,0.09275930968945845,0.0,19.443643339344934,0.0,25.495390520493267,0.0,0.16705362704569907,0.32981482530154593,0.6250297298827793,0.09275930968945845,-0.7326407013562166,1.0470325004747867
150-Bouches-du-Rhône_,0.09558326646555948,0.0,20.19587962313609,0.0,26.36858272717165,0.0,0.173943649368546,0.3352820812627887,0.6015546236033145,0.09558326646555948,-0.5716797659994793,0.7861410338506141
250-Drôme_,0.09718739954637445,0.0,20.11204131836011,0.0,26.010094835621043,0.0,0.17315165342091407,0.3356105999448442,0.5928247298618599,0.09718739954637445,-0.6548167745371025,1.3313967571789576
350-Dordogne_,0.10119748863727995,0.0,22.99963704314275,0.0,29.175195888504952,0.0,0.15213392690533947,0.2902016189943042,0.5185580110006309,0.10119748863727995,-0.4476153337856232,0.40344625601643624
150-Essonne_,0.10244048663810246,0.0,20.86036285477213,0.0,26.336772107635316,0.0,0.16194062454490607,0.313499906380677,0.5617263403166414,0.10244048663810246,-0.2606984152041751,0.18497486442990807
300-Seine-et-Marne_,0.10333926523795234,0.0,22.30097016404872,0.0,28.447119163192635,0.0,0.16445155468044959,0.31009223773191286,0.5381843113814564,0.10333926523795234,-0.49240158966643904,0.26463721587178934
100-Bouches-du-Rhône_,0.1050447769730749,0.0,19.69626983028509,0.0,26.23029329335968,0.0,0.18637586575115284,0.3566447333098688,0.623424347815712,0.1050447769730749,-0.5746547925893223,1.0596364662807938
300-Charente-Maritime_,0.10556047470128449,0.0,24.84376931294972,0.0,30.852937165490797,0.0,0.1331804858229097,0.2571973764402008,0.4695925356241112,0.10556047470128449,-0.5347309443618137,0.4437114252821419
200-Var_,0.1059570294267076,0.0,20.04225303838277,0.0,26.041456053629158,0.0,0.16940260903644813,0.33018867924528306,0.6001679637198365,0.1059570294267076,-0.44338587340133007,0.9976975093591918
400-Bas-Rhin_,0.1063389174337338,0.0,22.886318655557787,0.0,28.466964291941746,0.0,0.14371847717555494,0.2780025090248086,0.5032002867456924,0.1063389174337338,-0.272695338475194,0.1154494149602554
450-Alpes-Maritimes_,0.10652095244076387,0.0,23.73980407952631,0.0,29.671252495548686,0.0,0.13800841514726508,0.2685574775336346,0.4975533738507091,0.10652095244076387,-0.2819115397609056,-0.18908933551067042
300-Isère_,0.10678904879077722,0.0,20.948857477420848,0.0,26.710872492682384,0.0,0.16054695457323284,0.3122708290894276,0.5653964656752903,0.10678904879077722,-0.5511460611833632,0.892818652428919
50-Bouches-du-Rhône_,0.10743026901855868,0.0,19.672056579489713,0.0,26.195311706359202,0.0,0.18486658036497264,0.35760518764652893,0.6250648754093862,0.10743026901855868,-0.6530140347290231,1.0731110470821363
100-Var_,0.10755315827979661,0.0,20.367561286254357,0.0,26.018199851751334,0.0,0.16155310452942165,0.3137002407479984,0.5781591176305918,0.10755315827979661,-0.6213944841830031,1.0912515663656022
350-Landes_,0.1076556999895798,0.0,22.070610068741402,0.0,27.942268864877907,0.0,0.1466781787620211,0.28452021199401123,0.536469766971921,0.1076556999895798,-0.6287011838907774,0.48576755985044695
50-Pyrénées-Orientales_,0.1080193568190373,0.0,18.64342086213254,0.0,23.758031233439258,0.0,0.16089669914175536,0.325166224475547,0.6300203014060604,0.1080193568190373,-0.6731302313056334,2.0957617416938987
50-Haute-Savoie_,0.10841576192446012,0.0,19.467226456874858,0.0,25.27444335632976,0.0,0.1714253355229628,0.3347528172603205,0.6145081827963078,0.10841576192446012,-0.8476729051739439,1.4968993430218616
250-Vendée_,0.10963160643236569,0.0,23.084830077096647,0.0,28.52736688962526,0.0,0.13407620141681026,0.26014168102623014,0.4970629906184185,0.10963160643236569,-0.740192210564473,1.1171640690363631
250-Isère_,0.10973116975888175,0.0,20.810670135025582,0.0,26.666845133714116,0.0,0.16307420044815646,0.3162431248726828,0.5706928600529639,0.10973116975888175,-0.6399929334265888,1.1191940237231552
150-Charente-Maritime_,0.11074051656498984,0.0,24.545932419824492,0.0,30.763466850236284,0.0,0.13698958121716923,0.2656064079867661,0.4852860086484604,0.11074051656498984,-0.49977227311280625,0.4838240308459083
450-Dordogne_,0.11380901996011183,0.0,22.428428180704646,0.0,28.969787176863253,0.0,0.1462515216947014,0.2888776335314869,0.5472769439927492,0.11380901996011183,-0.7382311486048101,0.467409860202189
100-Charente-Maritime_,0.11538269819264624,0.0,24.51268600852234,0.0,30.683064859708885,0.0,0.13047421423803582,0.259032997649244,0.4862727457410686,0.11538269819264624,-0.45751703348636424,0.454688084085054
300-Var_,0.11613494150120385,0.0,19.979273148484303,0.0,25.89280195181545,0.0,0.16592576003583226,0.3286490118134483,0.6023682884496948,0.11613494150120385,-0.4806914950099173,0.9460878985890662
200-Seine-et-Marne_,0.1174842859552978,0.0,22.265778524631447,0.0,28.221847416318855,0.0,0.15782965906027682,0.3044431161585973,0.5363676851493735,0.1174842859552978,-0.44511836499776813,0.2925991176530234
350-Tarn_,0.11786050991399943,0.0,23.552644360736554,0.0,29.3438593560223,0.0,0.13030748699512487,0.25872211782008336,0.49797096712694394,0.11786050991399943,-0.3759823402427963,0.47019059972682253
350-Manche_,0.11823022480716827,0.0,23.28370945599006,0.0,28.93981378670655,0.0,0.1435922727611107,0.2738684582743989,0.48987567929725306,0.11823022480716827,-0.594249060593467,0.6850910138743993
250-Haut-Rhin_,0.11846708797262995,0.0,23.09077834832037,0.0,28.363591786331835,0.0,0.13605624321057544,0.2636821248795116,0.4878899615967196,0.11846708797262995,-0.37114883574013585,0.007001492917179775
350-Haute-Garonne_,0.11856112724770185,0.0,19.252744818257938,0.0,24.978188675222338,0.0,0.17222402664239087,0.3404727377526887,0.620510615327609,0.11856112724770185,-0.24507952036766792,1.388672844744586
200-Gard_,0.120091466843528,0.0,20.032114910393584,0.0,26.3972772829901,0.0,0.17860947811357486,0.34554568518192064,0.6114785887835426,0.120091466843528,-0.342844891437574,1.1391516175706098
150-Yvelines_,0.12026421025109713,0.0,20.71528993707779,0.0,26.82351215802953,0.0,0.17273844079884326,0.3358120522270419,0.5842166487285694,0.12026421025109713,-0.07567281559624552,0.33004842795425393
350-Bas-Rhin_,0.12130572806620421,0.0,22.61963898840336,0.0,28.227578996215506,0.0,0.14770603446068767,0.2837246217261067,0.5142668783122968,0.12130572806620421,-0.2328072419426205,0.0012482361626000582
350-Seine-et-Marne_,0.12254513078806029,0.0,21.958266983183343,0.0,28.140811045257916,0.0,0.16895795975293884,0.31817329442237147,0.5465407920490372,0.12254513078806029,-0.5046149595135473,0.3398738842634712
400-Manche_,0.12389773103062907,0.0,23.00126567980578,0.0,28.8466596660491,0.0,0.14295019727536665,0.27462219906201146,0.5054902106752028,0.12389773103062907,-0.5634724460163667,0.963923157135123
300-Dordogne_,0.12531261023424978,0.0,22.58641182124572,0.0,28.78114548329456,0.0,0.14908609459831704,0.2888776335314869,0.5328197336034619,0.12531261023424978,-0.5143430331250523,0.4042308772460914
150-Vaucluse_,0.1284661440633722,0.0,20.71504728776527,0.0,27.064915489075776,0.0,0.16618540705943197,0.3253781838555359,0.5917338275223032,0.1284661440633722,-0.44125149882963244,1.0648272018434888
400-Yvelines_,0.12877526743704526,0.0,20.360896957999795,0.0,26.69344395870928,0.0,0.18224019655805965,0.34685757150777863,0.600252220519009,0.12877526743704526,-0.3566137524628898,0.5566469316145013
300-Essonne_,0.12967047679898192,0.0,20.434706534659224,0.0,25.934195270070973,0.0,0.16989826700230928,0.3232779245636299,0.5717228035866603,0.12967047679898192,-0.36410806889030345,0.23765267976138116
250-Var_,0.13000585090451988,0.0,19.467217559327498,0.0,25.688824559085006,0.0,0.17634510945635742,0.3443312244555176,0.6254353059739096,0.13000585090451988,-0.5181892495130938,0.9824704327828586
150-Drôme_,0.13020453114188768,0.0,19.587722238541655,0.0,25.530052048823137,0.0,0.1776644019354677,0.34150224383884475,0.607666658309725,0.13020453114188768,-0.6131337226823003,1.5036552539346353
100-Essonne_,0.1302690690933782,0.0,20.6084268072227,0.0,25.925275269532598,0.0,0.15851831818087253,0.30977593775355233,0.5662512742630079,0.1302690690933782,-0.36665663034119766,0.27925347755393615
450-Charente-Maritime_,0.13081658250352213,0.0,24.24357896853466,0.0,30.414223954780308,0.0,0.13636561511449052,0.2643874974606031,0.4922439562353078,0.13081658250352213,-0.5866105432323189,0.48985085434203723
450-Hérault_,0.13121442949234297,0.0,21.32943465015573,0.0,27.531476339234583,0.0,0.15421347454773637,0.3059659003948697,0.5723162631240626,0.13121442949234297,-0.38094426255011465,1.2835035232181715
100-Drôme_,0.13191651798165804,0.0,19.452040796989778,0.0,25.504914736279893,0.0,0.18195151302429363,0.3474816356206283,0.6183092235565473,0.13191651798165804,-0.6498892053994545,1.6100217480446588
100-Yvelines_,0.13379069360801987,0.0,20.51244366050911,0.0,26.616499270320688,0.0,0.1751519302479806,0.33845384473217877,0.5919028516138851,0.13379069360801987,-0.22750478749783012,0.3859084103064645
250-Vaucluse_,0.1342368256303298,0.0,20.879525517593276,0.0,26.975164298849393,0.0,0.1642244537344309,0.3220919708658363,0.5816166013015558,0.1342368256303298,-0.4941001442668311,0.8472086080222332
200-Vendée_,0.1404087802896289,0.0,22.10397233531002,0.0,28.029981137085116,0.0,0.15050354202565575,0.29154125981236834,0.5390235496840896,0.1404087802896289,-0.6056603647838285,1.2345646386213334
350-Yvelines_,0.1418949633411838,0.0,20.229103991882756,0.0,26.491694444112373,0.0,0.18796951610623702,0.3547829490231891,0.6000565321852951,0.1418949633411838,-0.3520477489326022,0.38046249090802853
300-Yvelines_,0.14497491863566647,0.0,20.180006176996955,0.0,26.444109021912038,0.0,0.18640400943652632,0.3533370296685257,0.602600480523575,0.14497491863566647,-0.22312238303556423,0.5323107982023587
400-Rhône_,0.1464023861463667,0.0,19.93146866833557,0.0,25.923700721996436,0.0,0.17482302509670644,0.3395270991486419,0.6051132724773072,0.1464023861463667,-0.4772649610847414,0.891754128520204
200-Yvelines_,0.14649006260994446,0.0,20.321692514418,0.0,26.42066854101916,0.0,0.17255362403922464,0.33749714621180005,0.6009480012611026,0.14649006260994446,-0.12185935780779297,0.43161514808993395
250-Dordogne_,0.14650012583869354,0.0,22.109148800204125,0.0,28.430426365810536,0.0,0.16000675321444122,0.3083730973262602,0.5484320990945362,0.14650012583869354,-0.4827635031303599,0.505623285333189
300-Landes_,0.14738837811219185,0.0,21.53051866011976,0.0,27.313104375463755,0.0,0.14864380780924213,0.2941279128509888,0.5503761332218865,0.14738837811219185,-0.6828106882831269,0.4295144348995388
400-Landes_,0.1479201838211459,0.0,21.454335922565107,0.0,27.304584945187784,0.0,0.15266691772832067,0.29965739269410585,0.5544176135058922,0.1479201838211459,-0.600966897393496,0.6012041120184515
400-Dordogne_,0.1485913540549566,0.0,21.962001563633287,0.0,28.39557517551577,0.0,0.16367659211473357,0.31050569136032846,0.5510534125947449,0.1485913540549566,-0.6818853277428895,0.5612709643595384
50-Ain_,0.14985005618072833,0.0,20.063424653002382,0.0,26.71967399380403,0.0,0.17960557207700736,0.35451557364219755,0.6240315385819377,0.14985005618072833,-0.6215275078943101,1.3977042188442388
450-Moselle_,0.15043954065690857,0.0,21.464094829198523,0.0,27.429114032608105,0.0,0.16512650246165025,0.31620271743389883,0.5550932292149081,0.15043954065690857,-0.06885039028564599,0.2110987901096153
200-Landes_,0.1507275370525173,0.0,21.269088106431937,0.0,27.259567532884752,0.0,0.15998750815184945,0.3066289461840159,0.5629139072847682,0.1507275370525173,-0.673193454248641,0.6565523765133521
400-Essonne_,0.1512535738451285,0.0,19.946172532295822,0.0,25.610608535237112,0.0,0.1786360704849481,0.34160650758316513,0.5878773378825389,0.1512535738451285,-0.49914404779033295,0.45255297259136684
50-Aude_,0.15155809843478352,0.0,20.518826649553535,0.0,26.820630865832822,0.0,0.17539112143389282,0.33977168149349224,0.6032911170515798,0.15155809843478352,-0.40976127237739185,0.8653883554000146
300-Tarn_,0.15199408505749046,0.0,22.576494927298132,0.0,28.770541838143355,0.0,0.14547757169703407,0.2842280142713185,0.5381294768091076,0.15199408505749046,-0.2615887484330238,0.6203389805068618
250-Alpes-Maritimes_,0.15305784824593294,0.0,22.91388712102212,0.0,28.88820564462313,0.0,0.1403563451249286,0.2765155056880162,0.5195989818710716,0.15305784824593294,-0.18180921725131372,0.05377978971791908
250-Morbihan_,0.15314148256059112,0.0,22.334836546806997,0.0,28.123681497643542,0.0,0.16017950993420116,0.29889507589168707,0.5186889889231703,0.15314148256059112,-0.5302662804925057,0.48014740320357463
400-Moselle_,0.1534915357624036,0.0,21.638266033588913,0.0,27.37980097892297,0.0,0.15788761194986925,0.3065769880230561,0.544776385257173,0.1534915357624036,-0.1466982303085904,0.1353914017243838
150-Gard_,0.15427889352631652,0.0,19.612564540108366,0.0,25.879385167912357,0.0,0.1785864841456591,0.34999118564563225,0.6220864726486751,0.15427889352631652,-0.44096157504850064,1.2570455306779609
250-Ain_,0.15536413931813686,0.0,20.273525995722324,0.0,26.632880960318264,0.0,0.17138832368132728,0.33234856785099387,0.6115980591641884,0.15536413931813686,-0.7318870822127129,1.3530289509813427
200-Alpes-Maritimes_,0.15560193399296496,0.0,22.914190918907217,0.0,28.844785119150632,0.0,0.1439509635863072,0.2804425744117189,0.5166484857929459,0.15560193399296496,-0.31290130487188395,-0.046918443497704576
350-Isère_,0.15566492776980956,0.0,20.197152780209183,0.0,25.969791888958234,0.0,0.16826874108779794,0.32569005907516807,0.5905607048278672,0.15566492776980956,-0.6555494962247672,1.0260224483978488
200-Essonne_,0.15639327552473592,0.0,20.133321150004893,0.0,25.532946487666578,0.0,0.164655584912726,0.3211870930159985,0.5816464518276572,0.15639327552473592,-0.32203105117472747,0.3172429438680995
350-Alpes-Maritimes_,0.15686048971332678,0.0,23.081447131094652,0.0,28.823280861872338,0.0,0.13624227312866863,0.26786140979689366,0.5089397953353072,0.15686048971332678,-0.24034381810046185,-0.10094391168123318
150-Dordogne_,0.15717532707451254,0.0,22.03232888163006,0.0,28.252069270282696,0.0,0.16310790037231537,0.31144758705870856,0.5455708687654947,0.15717532707451254,-0.5860942445888111,0.47007481331320156
200-Ain_,0.15724827979559508,0.0,20.1751009083854,0.0,26.60315921453974,0.0,0.17780560338081078,0.34197448740021913,0.6103361245891377,0.15724827979559508,-0.780020707229565,1.3736947255674163
250-Yvelines_,0.15811078864323203,0.0,20.003072655600253,0.0,26.24019050907063,0.0,0.18879575573747323,0.3562179968037572,0.604742180620332,0.15811078864323203,-0.3040561609229239,0.5511032872037367
300-Alpes-Maritimes_,0.15816765332348115,0.0,22.94600746060067,0.0,28.800929069672293,0.0,0.13707339878447872,0.26936782504804946,0.5152355721780687,0.15816765332348115,-0.2447276599534608,-0.0048433183860296936
450-Haut-Rhin_,0.158959743294382,0.0,22.363270144718737,0.0,27.704502298977967,0.0,0.1403096742606221,0.2735736470876238,0.5121559387383529,0.158959743294382,-0.27212996848194426,-0.009557287996281527
150-Hérault_,0.15896942801138703,0.0,21.290015508598078,0.0,27.088134201396514,0.0,0.15273194771802015,0.3025987939636965,0.5623618721111758,0.15896942801138703,-0.7565696328995214,1.2811434233568342
400-Morbihan_,0.15927570187277662,0.0,22.3082139743224,0.0,28.021639438895658,0.0,0.1546020112101747,0.29266464656682656,0.5201879704433952,0.15927570187277662,-0.49925743391718647,0.5120684135314417
50-Seine-et-Marne_,0.1598880387634405,0.0,21.49897205875028,0.0,27.53548941035204,0.0,0.17026475862311452,0.319497673546406,0.5506252710289137,0.1598880387634405,-0.38375836242051425,0.598485604009269
50-Drôme_,0.16029887169876555,0.0,19.049968047245677,0.0,25.08450284825576,0.0,0.18618848246295785,0.3565948805375185,0.627171760222629,0.16029887169876555,-0.6338968319458946,1.5501849468831717
450-Isère_,0.1603270745826476,0.0,20.07240442667262,0.0,25.897994220127394,0.0,0.16148273579140354,0.32070559177021796,0.6020829089427582,0.1603270745826476,-0.6363192001399435,1.0599041077333444
400-Oise_,0.1612453023936461,0.0,22.963411693523643,0.0,29.231656539140943,0.0,0.15885471187746522,0.300717689325104,0.5193658875647972,0.1612453023936461,-0.23536003175455256,0.24312478800186232
300-Drôme_,0.16356379279938327,0.0,18.679231137227806,0.0,25.035688642366885,0.0,0.2147942938802116,0.3861784541329255,0.6379898212450172,0.16356379279938327,-0.6460539311120834,1.813581497358821
200-Tarn_,0.1673805187842552,0.0,22.733953686702304,0.0,28.508337023266595,0.0,0.14408856932755945,0.27603017675736036,0.515210937712776,0.1673805187842552,-0.4979098281028365,0.6083202257079399
200-Rhône_,0.1687628684855801,0.0,19.659878232979175,0.0,25.58190432530519,0.0,0.17823016557507237,0.3445481482746548,0.6108259967380258,0.1687628684855801,-0.6365218592752282,0.9722786547063218
50-Var_,0.16895282990984395,0.0,19.40848479365176,0.0,25.10723596855919,0.0,0.17668663568669168,0.34036728066737587,0.6084429763171155,0.16895282990984395,-0.7161524453183588,1.2611926602003276
400-Eure-et-Loir_,0.16994446770332272,0.0,20.201565292022572,0.0,26.73430864420333,0.0,0.19587354721644323,0.3623394703499194,0.6004317289493031,0.16994446770332272,-0.3921670984306189,0.8876153162366704
250-Landes_,0.17065359682964787,0.0,20.727261134486284,0.0,26.93788056202069,0.0,0.15613891669958024,0.31084494493483117,0.594667083061605,0.17065359682964787,-0.6631183555057265,0.5988313319032463
400-Ain_,0.17097112215863008,0.0,19.84584682128448,0.0,26.385675629148693,0.0,0.17112419784003757,0.34409727656910316,0.6348704805133825,0.17097112215863008,-0.60603211997509,1.174336828555889
400-Calvados_,0.17160197384501918,0.0,23.51054825618086,0.0,29.180855576833668,0.0,0.13581856293190925,0.2643043900126656,0.490848893793839,0.17160197384501918,-0.4960249217001806,0.408039477822534
150-Alpes-Maritimes_,0.17227473517679215,0.0,22.744690738468133,0.0,28.558592446207275,0.0,0.14169653524492234,0.2796633941093969,0.5194743130227001,0.17227473517679215,-0.322400799634047,-0.028722714526840054
400-Alpes-Maritimes_,0.17275883608492382,0.0,22.81265497368643,0.0,28.550239878535187,0.0,0.14189392758817723,0.27709729364708324,0.5144667809464443,0.17275883608492382,-0.2951889099145319,-0.07933990662631851
50-Rhône_,0.1729492023825021,0.0,19.152301592915894,0.0,25.517404335578266,0.0,0.19131221874012655,0.37182235049997014,0.6404314003432758,0.1729492023825021,-0.275454316521532,1.077210773870375
300-Moselle_,0.17414883101606238,0.0,21.25355615095565,0.0,27.043663809321853,0.0,0.16097269028805938,0.3110086709938512,0.5630944831959417,0.17414883101606238,-0.13602976563692498,0.08636724483636504
300-Rhône_,0.1746381384779171,0.0,19.298592269232813,0.0,25.491336232931033,0.0,0.19229422664742502,0.36742466291511183,0.628083718308897,0.1746381384779171,-0.5019831733656144,1.0435755902785502
200-Vaucluse_,0.1754607166784815,0.0,19.993999273228408,0.0,26.325111528804765,0.0,0.1709692712149291,0.33649743567642115,0.6221070551221825,0.1754607166784815,-0.44234169068591966,0.8725797810364719
350-Rhône_,0.17661527694511125,0.0,19.38692395450348,0.0,25.460785923423398,0.0,0.1856678080729589,0.3571861630816262,0.6243777058587445,0.17661527694511125,-0.519355167015154,0.8674908427278964
50-Dordogne_,0.17803453501670563,0.0,21.433078713702166,0.0,27.900271377629473,0.0,0.16450297230293498,0.32035116715094325,0.574885150925457,0.17803453501670563,-0.5083480793427448,0.7345707448907541
200-Moselle_,0.1781743546672535,0.0,21.269654983251215,0.0,26.977672563387284,0.0,0.16221954642936026,0.3110229207783233,0.5555278476413045,0.1781743546672535,-0.09985598766681363,0.0650477984529707
300-Ain_,0.1786992557789946,0.0,19.609337318744025,0.0,26.262405214343723,0.0,0.17750234778525592,0.3549655658162467,0.6416301455626859,0.1786992557789946,-0.6510684625958,1.401572219092876
150-Landes_,0.1796041730468365,0.0,20.57293729483137,0.0,26.79212504924391,0.0,0.16644469142379514,0.32289590432713944,0.5882925664318321,0.1796041730468365,-0.7576136116070238,0.7296807048016527
450-Vendée_,0.18082552771698768,0.0,21.512439015326592,0.0,27.363082833689845,0.0,0.15152977216159294,0.2970285276660923,0.5515450890292934,0.18082552771698768,-0.7571777173221201,1.2507166932422242
300-Haute-Garonne_,0.18086155630780587,0.0,18.617746043478693,0.0,24.07927996924911,0.0,0.17875196135389457,0.34948467284845763,0.631055036848293,0.18086155630780587,-0.3657942480398038,1.2933097822194144
400-Charente-Maritime_,0.18101135490969278,0.0,23.158225159617817,0.0,29.52296446004426,0.0,0.14329454102214353,0.2804292306352846,0.5291450213309342,0.18101135490969278,-0.5409085863073584,0.5364568677960011
350-Ain_,0.18213871335129672,0.0,19.595717766415927,0.0,26.20735644116311,0.0,0.18082837689779307,0.35787095007043357,0.639272577868211,0.18213871335129672,-0.7622731001049541,1.3359786612787499
300-Bas-Rhin_,0.18247625667817002,0.0,21.651345244908942,0.0,27.227321603229527,0.0,0.15704447118461815,0.3028559358918559,0.5433318825366753,0.18247625667817002,-0.27297590022792523,-0.05048985783728277
400-Isère_,0.18328645821752454,0.0,19.602191735440734,0.0,25.541472596408504,0.0,0.1720373293949888,0.34020421674475454,0.6170872377266245,0.18328645821752454,-0.625528247149195,1.1040034502738836
250-Moselle_,0.18385314621506155,0.0,21.19097192032656,0.0,26.88430351908846,0.0,0.15785198748868923,0.3083795857587654,0.5590831688670709,0.18385314621506155,-0.11211554002801499,0.14523687444820288
450-Eure-et-Loir_,0.1847299517515083,0.0,19.53028209502314,0.0,26.49513441022167,0.0,0.21013937336732938,0.39317054857732797,0.631951070719079,0.1847299517515083,-0.641981294223529,0.846323574839627
200-Isère_,0.184908298199305,0.0,19.343528126669796,0.0,25.516099705584864,0.0,0.16987930332043186,0.3355635058056631,0.635414544713791,0.184908298199305,-0.8129703321985615,1.3084115590587935
50-Yvelines_,0.1865858302827471,0.0,19.66347520673827,0.0,25.792615172482435,0.0,0.19962384353630563,0.36862246284639555,0.6083732863681333,0.1865858302827471,-0.318401640056402,0.5041244942354761
250-Haute-Garonne_,0.1873976476981204,0.0,18.38288567886254,0.0,23.983020548185564,0.0,0.184470194282682,0.3588442765062969,0.6416360550597212,0.1873976476981204,-0.3073093414195575,1.4314383293119022
450-Bas-Rhin_,0.18773616884233424,0.0,21.626738229964154,0.0,27.139590560318805,0.0,0.1558795668091861,0.3005645305819401,0.5418085460457256,0.18773616884233424,-0.32529742852451027,0.014609829431243782
200-Dordogne_,0.18819622980972006,0.0,20.960676745125927,0.0,27.72727399432005,0.0,0.1692479940287367,0.33107633798061115,0.5946738463999146,0.18819622980972006,-0.6300293544810389,0.8102919660672057
450-Côte-d'Or_,0.18823121892218797,0.0,20.650606169641183,0.0,27.52939842755538,0.0,0.17761741487919624,0.34767296600483744,0.613388087074396,0.18823121892218797,-0.5430787711599838,0.9828743519809664
50-Gard_,0.18864583045547723,0.0,18.882300727964175,0.0,25.3481113264116,0.0,0.18857353087706658,0.3650675639423924,0.6513041412136216,0.18864583045547723,-0.5657923125033899,1.4665411032046762
150-Ain_,0.19036438956034518,0.0,19.321141294179938,0.0,26.07523256559869,0.0,0.1885173736108937,0.3716152762560651,0.6491724056972923,0.19036438956034518,-0.7395757076059541,1.3695995192332049
350-Eure-et-Loir_,0.1903889210266999,0.0,19.983019513331563,0.0,26.40301999852147,0.0,0.20740196155109575,0.375885748251967,0.5963177900483349,0.1903889210266999,-0.43232854157751266,0.9194440031641902
450-Finistère_,0.1915255506669289,0.0,21.203000367528322,0.0,26.896580172918156,0.0,0.16558692494142688,0.3161815584699365,0.5512307437066771,0.1915255506669289,-0.39951574884016183,0.3005266476796944
100-Gard_,0.19196327981711647,0.0,19.069792159492568,0.0,25.29623681058756,0.0,0.1827177337145222,0.35850661843043174,0.6423978109742544,0.19196327981711647,-0.5938588242036992,1.2888141610103894
450-Oise_,0.19214504736127713,0.0,22.583787848656307,0.0,28.688156433164473,0.0,0.16511041696326134,0.30897488506084025,0.5260319401060203,0.19214504736127713,-0.35887153873511957,0.17057963642093243
100-Dordogne_,0.19217901316960917,0.0,21.162660926417036,0.0,27.6591740976148,0.0,0.16731088778112477,0.32270590639689356,0.5818960538124562,0.19217901316960917,-0.5486734278887909,0.7006281004825725
300-Manche_,0.19235500370646308,0.0,21.866051550003082,0.0,27.69672261817237,0.0,0.16006290478671928,0.3013288170922356,0.5349977666939627,0.19235500370646308,-0.5136903098045665,0.7920720152033165
50-Landes_,0.19310284164108427,0.0,20.439955654943695,0.0,26.570794053984038,0.0,0.16760202441421498,0.3271119030779547,0.5899183437278982,0.19310284164108427,-0.7759205515201598,1.0040882707918586
350-Haut-Rhin_,0.19346220102809952,0.0,21.916402137721445,0.0,27.130282970851198,0.0,0.14565706329656206,0.28348811946327207,0.5170060741443412,0.19346220102809952,-0.26045170766979686,-0.12874200448730821
100-Vaucluse_,0.1943793225494005,0.0,19.5233779852644,0.0,26.02135132403914,0.0,0.1779726759470758,0.34932982803947765,0.6384842477265871,0.1943793225494005,-0.5588140252316983,1.1331769651564043
150-Rhône_,0.19482284274447237,0.0,18.946745304032518,0.0,25.177704124655698,0.0,0.18565926887376502,0.36232676099635375,0.6451535774975024,0.19482284274447237,-0.7957213411906413,1.194577065777204
100-Ain_,0.19552137026377636,0.0,19.262176434858283,0.0,25.992056702155203,0.0,0.1921857880732509,0.3748043512286743,0.650806072937862,0.19552137026377636,-0.7748599867519571,1.460925551328775
100-Rhône_,0.19564396416903218,0.0,18.803690502629273,0.0,25.16486271105101,0.0,0.19099626836995226,0.372343241650798,0.6546662453995065,0.19564396416903218,-0.5397890129418625,1.058689261552912
50-Côte-d'Or_,0.19570966819240987,0.0,20.919474989547307,0.0,27.40229722954214,0.0,0.17943810966695903,0.3404433458256917,0.5872870318688036,0.19570966819240987,-0.4952813768262266,0.8542686942334896
50-Vaucluse_,0.1966721342071286,0.0,19.327310126870632,0.0,25.98429631186869,0.0,0.18820842132482868,0.3631103736585786,0.6410808947118907,0.1966721342071286,-0.7046037654619792,1.2381143121261777
250-Rhône_,0.19676698067919685,0.0,18.975108138450572,0.0,25.147289381544304,0.0,0.18353300827448402,0.3589281597171817,0.6427626017232104,0.19676698067919685,-0.5219776337545718,1.0725796480461227
350-Vendée_,0.19712865184986406,0.0,21.366018022467482,0.0,27.089425820329236,0.0,0.16529197779054183,0.3101397664177675,0.5432816389048439,0.19712865184986406,-0.789443699693295,1.073834508004289
150-Côte-d'Or_,0.19748024922719287,0.0,20.639641559019747,0.0,27.372118625239402,0.0,0.18052786859102146,0.34941392233474206,0.6051351566860697,0.19748024922719287,-0.2775165138740523,0.9273878764563483
150-Isère_,0.19946995090023456,0.0,19.2399025266441,0.0,25.287149367047355,0.0,0.18037023833774699,0.3489572723568955,0.6295133937665512,0.19946995090023456,-0.801686356643376,1.2045998130807023
350-Moselle_,0.19953425658084012,0.0,20.759759262867835,0.0,26.6247788913417,0.0,0.16076606841321525,0.3168439577351393,0.5827948102284953,0.19953425658084012,-0.1379233580212832,0.22559176062300113
450-Loiret_,0.20212406597711075,0.0,19.239842866865697,0.0,26.214378907153097,0.0,0.21675389441716703,0.40112689518024924,0.6379444568627299,0.20212406597711075,-0.8886586347048193,0.892731056930788
350-Côte-d'Or_,0.2034289878423915,0.0,20.523405075428116,0.0,27.270480971391706,0.0,0.17602264572203175,0.34757993780400287,0.6170294766499216,0.2034289878423915,-0.5469058003659386,0.7414896674940028
250-Eure-et-Loir_,0.20451877628918003,0.0,19.661348460059205,0.0,26.171604575465956,0.0,0.20015955200300334,0.3729293434904347,0.6154014609957922,0.20451877628918003,-0.06767997837476011,0.8958267907165798
150-Haut-Rhin_,0.20484669202851147,0.0,21.692742357653977,0.0,26.938126974492654,0.0,0.15547973500206552,0.29183433039061185,0.5188879878823116,0.20484669202851147,-0.36808546126269925,-0.020112913272082533
100-Côte-d'Or_,0.20495216257625448,0.0,20.52928415792295,0.0,27.244395674098374,0.0,0.1897110809876937,0.3583047603859342,0.6059989899795338,0.20495216257625448,-0.4375362988968685,0.8820185560083251
300-Eure-et-Loir_,0.20518653997294778,0.0,19.600347668485863,0.0,26.160617442310055,0.0,0.21198517104913264,0.3857717154968794,0.6142752115628276,0.20518653997294778,-0.24033975106259806,0.8183007704715601
350-Loire-Atlantique_,0.20522876707880577,0.0,22.039408026901913,0.0,28.02413245258067,0.0,0.16163158354441437,0.30620665560310945,0.5363088479343174,0.20522876707880577,-0.7679626434010742,0.8315514730516167
200-Côte-d'Or_,0.2054711781330275,0.0,20.602880348680287,0.0,27.235501508863337,0.0,0.1769130585014486,0.34845706084044337,0.6082316667995642,0.2054711781330275,-0.23421154767975025,0.644449734024005
200-Côtes-d'Armor_,0.20573846566922072,0.0,23.816475710500388,0.0,29.619195625571034,0.0,0.14266438787442656,0.2716740127732302,0.47988965848100507,0.20573846566922072,-0.2907237866185687,0.014693435033617863
400-Côte-d'Or_,0.2077684491810743,0.0,20.344330355548383,0.0,27.196099149197735,0.0,0.18194987108949312,0.35373308880206256,0.6256146506126572,0.2077684491810743,-0.5038784530017022,0.7117505813276104
300-Ille-et-Vilaine_,0.20845290531343075,0.0,21.80254463070179,0.0,27.58192576190945,0.0,0.1614058114842441,0.3017148467095645,0.5331604614186168,0.20845290531343075,-0.6231678767901146,0.9493546273235571
300-Côte-d'Or_,0.21267772027496212,0.0,20.57184364483712,0.0,27.111704313008314,0.0,0.1866145708741993,0.35817186295617043,0.601347579937804,0.21267772027496212,-0.3764210901680417,0.57940327607372
100-Isère_,0.21312528120391894,0.0,18.743378158790026,0.0,25.070549371428324,0.0,0.18856946424933796,0.37037838663678957,0.6525959971480954,0.21312528120391894,-0.7255848262264215,1.3783725014980384
350-Oise_,0.2170113078437398,0.0,21.954151818327627,0.0,28.243186218252106,0.0,0.1744897873730226,0.3269129309695087,0.5502005677868873,0.2170113078437398,-0.3631423407558002,0.15523586367015207
200-Loire-Atlantique_,0.2173527014461185,0.0,21.685520709795206,0.0,27.809562243770316,0.0,0.15934317407633855,0.31050397414621367,0.5598043497248668,0.2173527014461185,-0.5554075423349669,0.8508855256363548
450-Morbihan_,0.21751522087891972,0.0,21.02259998183929,0.0,27.03365021077917,0.0,0.16857564568858888,0.3222396439229174,0.5704820191189115,0.21751522087891972,-0.6151412135977411,0.5450128282033839
300-Vendée_,0.21755589033160372,0.0,20.949452950179793,0.0,26.74259103484627,0.0,0.16251196630289105,0.3118093049971281,0.5641508711468505,0.21755589033160372,-0.8103247180884036,1.2488218967673967
100-Bas-Rhin_,0.21837706493268327,0.0,21.088157862225707,0.0,26.622778629702434,0.0,0.16442433242018484,0.31257840702526946,0.5560242197700914,0.21837706493268327,-0.3026515724743471,0.14837378773435272
50-Bas-Rhin_,0.2185808908584349,0.0,21.084754711990943,0.0,26.619307156394775,0.0,0.15977751606543947,0.31183594050026886,0.5589300801351802,0.2185808908584349,-0.2879860413761386,0.15579694570442726
450-Gironde_,0.2186083142005858,0.0,21.469895793042927,0.0,27.92091817276577,0.0,0.16859847987305057,0.319897616858428,0.5654112543354859,0.2186083142005858,-0.5520983125572351,1.1475432336653073
350-Calvados_,0.21892053868468397,0.0,22.232916321654752,0.0,28.335188262777642,0.0,0.15103213812207894,0.29138366503470087,0.5350082585863374,0.21892053868468397,-0.5135942853025678,0.9268857263012955
400-Indre-et-Loire_,0.21918618268794154,0.0,19.682854116714225,0.0,26.90169303167568,0.0,0.20519876968617748,0.3808306930922042,0.6347448023866238,0.21918618268794154,-1.0345680010747054,1.165984743675307
300-Oise_,0.21936330364181678,0.0,21.98205466837128,0.0,28.20073489284231,0.0,0.1686863019319828,0.31965229333980955,0.544899548617799,0.21936330364181678,-0.2396104820171839,0.2860211605635441
200-Manche_,0.22003775593122576,0.0,21.14194326941028,0.0,27.21791906147014,0.0,0.16877279833246484,0.31753889674681757,0.5623371547681084,0.22003775593122576,-0.47697541765008444,0.9128689267755608
200-Oise_,0.2203899011551017,0.0,22.213644021815934,0.0,28.18218572083426,0.0,0.16135029436149098,0.3068812755943757,0.5306797531215717,0.2203899011551017,-0.2529677631016707,0.2255173246871136
250-Côte-d'Or_,0.22053284559093556,0.0,20.064139886471853,0.0,26.976118354330506,0.0,0.20071498817212874,0.3798208542646785,0.6211891662015256,0.22053284559093556,-0.4509966623422178,0.8261606941265858
450-Indre-et-Loire_,0.22071517819812358,0.0,19.664045057955974,0.0,26.875340575292725,0.0,0.19613329941490715,0.3720658634166647,0.6437177678592076,0.22071517819812358,-1.012958974295556,1.1047142477173812
400-Aisne_,0.22114775906059436,0.0,24.47563818073214,0.0,29.704887141515275,0.0,0.11862019329631915,0.23506066214271026,0.45499691548426896,0.22114775906059436,0.14760556912828535,-0.4563306274053014
300-Calvados_,0.22124089202813635,0.0,22.350339838484224,0.0,28.29306927623888,0.0,0.15010628763582226,0.2877321107169045,0.5267422654450378,0.22124089202813635,-0.36933106839150787,0.5023640417339741
250-Puy-de-Dôme_,0.2216904529543018,0.0,23.629219859615958,0.0,30.227131223170144,0.0,0.15230654629941648,0.2880832875157405,0.5177979178121065,0.2216904529543018,-0.5818364437698513,0.026236661560411267
300-Morbihan_,0.22173165632722047,0.0,21.026964285839373,0.0,26.96071613416823,0.0,0.1712563396342669,0.3210625296002869,0.5651712103586061,0.22173165632722047,-0.5323885043774481,0.591976260827987
250-Tarn_,0.2231815218891866,0.0,21.3931191032429,0.0,27.536476871928777,0.0,0.1662445188877087,0.3188441321458725,0.5683334695100362,0.2231815218891866,-0.522523288718433,0.508759310926926
50-Alpes-Maritimes_,0.22566857482737335,0.0,21.879892974563415,0.0,27.622128128944812,0.0,0.1519505480234793,0.2965040777102488,0.5373642927640122,0.22566857482737335,-0.3994614868018089,0.14392149871677162
450-Loir-et-Cher_,0.22569077557914186,0.0,21.25952851880486,0.0,28.201358922222777,0.0,0.19239821419905856,0.35722084728490316,0.5813801135536468,0.22569077557914186,-0.7414763348221856,0.3678054852135322
400-Loir-et-Cher_,0.22642086120627425,0.0,21.299914181732845,0.0,28.188060448032825,0.0,0.1968020575532586,0.3581792594749357,0.5767093706022225,0.22642086120627425,-0.6840213913819333,0.35508773502924607
50-Isère_,0.22795370843081653,0.0,18.31709209122758,0.0,24.833202230976617,0.0,0.19483983499694438,0.38359390914646563,0.6722283051537992,0.22795370843081653,-0.8268726724743604,1.5685744710407006
450-Aisne_,0.23036113763029553,0.0,24.116584569800423,0.0,29.528668498392566,0.0,0.12496401398313799,0.24600041126876415,0.46734526012749333,0.23036113763029553,0.16668740115321173,-0.3431755335568223
100-Manche_,0.23090187063898038,0.0,20.977604633377588,0.0,27.02769477188036,0.0,0.1659811657857515,0.31963262115685254,0.5763976773617212,0.23090187063898038,-0.5269006393586853,0.9143034768690712
450-Vienne_,0.23124762492479056,0.0,21.953039582561562,0.0,28.917079041815327,0.0,0.15565091223412467,0.3138846870208584,0.5917945235081654,0.23124762492479056,-0.602765190785318,0.4759331457603029
400-Haut-Rhin_,0.23311213953213727,0.0,21.14750366369691,0.0,26.455007695713352,0.0,0.14991049434660872,0.2943970990988234,0.550421518077082,0.23311213953213727,-0.3210448135927476,-0.0855692588674124
450-Saône-et-Loire_,0.23336098677824202,0.0,24.286086415283922,0.0,30.625318103451246,0.0,0.1421689624970141,0.2752209570825703,0.4975051092178252,0.23336098677824202,-0.361423750428565,-0.1545048453323652
50-Puy-de-Dôme_,0.23463687346295636,0.0,23.56159901942442,0.0,29.974677561516703,0.0,0.146302963659259,0.28480215667843145,0.5133462213787844,0.23463687346295636,-0.2445062922208182,0.32300266000035416
100-Alpes-Maritimes_,0.2346608088784644,0.0,21.61833953786086,0.0,27.461273249919554,0.0,0.1521063840839437,0.30073242948418266,0.552127162225339,0.2346608088784644,-0.3483106686642743,0.15513419653330596
400-Vienne_,0.23482549948149523,0.0,21.885947610158752,0.0,28.84970862012097,0.0,0.16801983967729653,0.32454542648102985,0.5790654359480958,0.23482549948149523,-0.6847169226249121,0.4774955881378298
400-Haute-Garonne_,0.2352966115866727,0.0,17.750885629752744,0.0,23.265444223443264,0.0,0.19229273692926316,0.37415999158276114,0.6594128975887356,0.2352966115866727,-0.43907886768767823,1.418558958132138
100-Tarn_,0.23754463255949232,0.0,20.519098172511306,0.0,27.28071906983897,0.0,0.1891494403137511,0.3518806002669063,0.6017103793882942,0.23754463255949232,-0.6914882487067426,0.6898960968860615
450-Nord_,0.23807784989891445,0.0,24.437784496421518,0.0,29.841611821752604,0.0,0.11682176037644787,0.22983907456563707,0.45260089888996136,0.23807784989891445,-0.1096633589634316,-0.1708136119753001
200-Eure-et-Loir_,0.23879469208503956,0.0,19.22117976995842,0.0,25.60155163178026,0.0,0.2020835614509847,0.3805002424564752,0.6302460542163963,0.23879469208503956,-0.18766736786983781,0.751948476564412
100-Saône-et-Loire_,0.23917613427806284,0.0,23.591824999090232,0.0,30.50894668124727,0.0,0.16348169971069884,0.30181543116490167,0.5244313506914032,0.23917613427806284,-0.4538293828710149,0.09422222096787358
300-Saône-et-Loire_,0.239643805160777,0.0,24.125031788435148,0.0,30.49956846641718,0.0,0.15942086684183984,0.29052206916686574,0.4903256628712477,0.239643805160777,-0.45067599966164223,-0.22331226890813527
250-Oise_,0.24042156014231153,0.0,21.66681260630793,0.0,27.817766605100147,0.0,0.18026814950046477,0.33351198800780496,0.5500833256567652,0.24042156014231153,-0.35507440683147345,0.16443513577719582
450-Cher_,0.2410895554750464,0.0,22.892728008385866,0.0,29.570253626392216,0.0,0.18583419439765603,0.3317669039901485,0.5230788829282793,0.2410895554750464,-0.6227205061950242,-0.08049870091560152
350-Loiret_,0.2412289326005117,0.0,19.283169929838827,0.0,25.563909466240553,0.0,0.20699569128313433,0.37818047280267,0.6152292715262415,0.2412289326005117,-0.6534773133271928,0.9355738927301753
100-Moselle_,0.24128046540370318,0.0,20.203623914664607,0.0,25.92120981637125,0.0,0.17247939124920736,0.3310082435003171,0.588138479405499,0.24128046540370318,-0.19858737764024517,0.3132382257369035
100-Haut-Rhin_,0.2415202394402487,0.0,20.766209549433228,0.0,26.309582648289794,0.0,0.16615921296225464,0.318051071772824,0.561192796707416,0.2415202394402487,-0.2870739752110674,0.11620538672444747
400-Ille-et-Vilaine_,0.2425331010859929,0.0,21.17776910559376,0.0,26.981620844911387,0.0,0.16756303955778937,0.3145255092785265,0.5532808314925676,0.2425331010859929,-0.7270760054042861,0.8827934258400241
150-Tarn_,0.24255029675989193,0.0,20.44695124499019,0.0,27.19102005537116,0.0,0.18044774899910124,0.3502600975025193,0.6077974780074625,0.24255029675989193,-0.5945405271697122,0.8687121630181536
300-Somme_,0.24302189190232226,0.0,24.43417025803727,0.0,29.861715088241027,0.0,0.11466872003080046,0.22587238808582127,0.45451681775226627,0.24302189190232226,0.0728452613246118,-0.30745488322790937
350-Saône-et-Loire_,0.24302356445411033,0.0,23.976666289086864,0.0,30.43170816349027,0.0,0.1483663773655015,0.2849085649069725,0.5072059877378773,0.24302356445411033,-0.38290575363614754,-0.09597866840569091
50-Essonne_,0.24328515203471657,0.0,18.551688947798045,0.0,24.1822689169767,0.0,0.19852497555495455,0.37598560342854764,0.6291322528969979,0.24328515203471657,-0.42785721260887366,0.6455417524208342
350-Gironde_,0.24509859507733578,0.0,20.97263333681727,0.0,27.44355823093182,0.0,0.16816537504393175,0.325950434347343,0.586466539101911,0.24509859507733578,-0.5517710062838493,0.7707315034973208
200-Haute-Garonne_,0.24574292294563915,0.0,17.584021726117765,0.0,23.10598775451827,0.0,0.1950649362531393,0.37639238971815975,0.6626700030649728,0.24574292294563915,-0.4097941945173083,1.605616373655307
50-Eure-et-Loir_,0.2467225007674757,0.0,18.890143560370074,0.0,25.467885044368664,0.0,0.21154718515853524,0.39248228503496063,0.6398973861627744,0.2467225007674757,-0.0850020674649632,1.0415770745532678
450-Puy-de-Dôme_,0.24702362887456109,0.0,23.33208232498257,0.0,29.731130729342787,0.0,0.147473529255272,0.28785272156501074,0.528368479860951,0.24702362887456109,-0.4401515113207791,0.03944897877213194
450-Deux-Sèvres_,0.24713012590060401,0.0,21.479535036068214,0.0,28.595360504119625,0.0,0.17478831094416503,0.3392882154453428,0.5976443623861972,0.24713012590060401,-0.764327607527461,0.48413820194329915
400-Saône-et-Loire_,0.24760682755225705,0.0,23.874086346947614,0.0,30.33944089988743,0.0,0.14873795684369776,0.2856251824720652,0.5046978262600526,0.24760682755225705,-0.3393430106035356,-0.007248306623550693
150-Eure-et-Loir_,0.2488643363648021,0.0,19.071679506482532,0.0,25.431652146858333,0.0,0.20988909571555944,0.3881024261289868,0.6294013671416727,0.2488643363648021,-0.11679112726702626,0.7809989002591133
350-Ille-et-Vilaine_,0.24942332015165947,0.0,21.124366503392494,0.0,26.858622738576287,0.0,0.164351036697933,0.3107212600441783,0.5553296838151337,0.24942332015165947,-0.657809756474653,0.7320825979418775
300-Haute-Vienne_,0.24946503858722102,0.0,21.70115799092208,0.0,28.0106058567095,0.0,0.17098549629139698,0.3211484858506165,0.5550030708177824,0.24946503858722102,-0.6223515195631977,0.1845005995911464
250-Saône-et-Loire_,0.2501777824705229,0.0,23.87816292256798,0.0,30.28756105494899,0.0,0.1640788810149428,0.29978501473047214,0.497425485043926,0.2501777824705229,-0.48318173364956496,-0.2163087521313236
300-Puy-de-Dôme_,0.2506663082880607,0.0,23.219766722535148,0.0,29.6591282855039,0.0,0.15533937534363196,0.2947874359292695,0.5205115016937729,0.2506663082880607,-0.5231895755536912,0.19672506463620287
50-Oise_,0.2513090576898861,0.0,21.525895113322502,0.0,27.617682592619246,0.0,0.1755114687926573,0.32752426493371634,0.5534079774895111,0.2513090576898861,-0.23321894323943243,0.23144138904711298
200-Morbihan_,0.25132713529614137,0.0,20.371570617941554,0.0,26.44312556463677,0.0,0.17704075298531827,0.3384019753449727,0.5912608457750332,0.25132713529614137,-0.46056133596393295,0.6732443241271651
100-Puy-de-Dôme_,0.25136863540464216,0.0,23.278396575323153,0.0,29.64522573882024,0.0,0.14852881187592004,0.28813649504283206,0.5223737651419754,0.25136863540464216,-0.461124999549151,0.1547571869560076
150-Puy-de-Dôme_,0.25144387133908264,0.0,23.149943823364726,0.0,29.643736058848376,0.0,0.15041767908766826,0.29078800347622513,0.5317205540677155,0.25144387133908264,-0.5132750170923519,0.28823048989760913
150-Moselle_,0.2518564816229242,0.0,20.001107024043005,0.0,25.739914106662155,0.0,0.1713821578448626,0.33385820039471903,0.5943442605430593,0.2518564816229242,-0.14109294882057638,0.40973363994803513
250-Gironde_,0.252403951318237,0.0,20.99572339879417,0.0,27.3104465661649,0.0,0.17286562745174608,0.33033828327185843,0.5745632563803086,0.252403951318237,-0.43262580619163565,0.7916209991991661
50-Manche_,0.2525243678654122,0.0,20.46588771674955,0.0,26.64505664005088,0.0,0.1758449341174719,0.3357961736023226,0.5914631876721507,0.2525243678654122,-0.5941111614900183,1.003220610566145
350-Loir-et-Cher_,0.25259603517331686,0.0,20.833320709863834,0.0,27.707064649266748,0.0,0.19387829378366575,0.35913767166496824,0.5967268403940409,0.25259603517331686,-0.6327841831534906,0.47505353239384984
150-Haute-Garonne_,0.25306804130219474,0.0,17.408121357619645,0.0,22.99351480325846,0.0,0.19403565432595757,0.3799148212022928,0.6766682372746444,0.25306804130219474,-0.41752431838971926,1.3891033327470268
150-Meurthe-et-Moselle_,0.2531095610790456,0.0,22.38210448255229,0.0,28.153656840916817,0.0,0.14561822681116135,0.28290596467275364,0.5234341667377762,0.2531095610790456,-0.01858114519447362,0.06021005867928775
350-Somme_,0.25377179224427626,0.0,23.818482673236193,0.0,29.648922739448185,0.0,0.13109096636449546,0.25391480872213085,0.4799201988029821,0.25377179224427626,0.13460119285927716,-0.12570129325705004
250-Manche_,0.2540463978107519,0.0,20.52183888030054,0.0,26.61791512668211,0.0,0.17605895927938658,0.33340467505397153,0.5813016452021141,0.2540463978107519,-0.5997753677711081,0.8773368898642646
400-Cher_,0.2544844625515065,0.0,22.6674324140071,0.0,29.308131680684024,0.0,0.18072442638961628,0.33243216464493486,0.5313875638721002,0.2544844625515065,-0.6466882505901346,0.003600437825058478
400-Gironde_,0.25547164063487315,0.0,20.997144687822693,0.0,27.25435605586804,0.0,0.17284432721424844,0.329578574801109,0.5722166802159844,0.25547164063487315,-0.5295217739479506,0.8427888393018113
250-Ille-et-Vilaine_,0.25640463916710643,0.0,20.83516599480905,0.0,26.733421226492673,0.0,0.1659250248103211,0.3188579782522863,0.572542177545859,0.25640463916710643,-0.6617961911690433,0.8969212071015389
300-Finistère_,0.2567266062938076,0.0,19.90385822663107,0.0,25.789220062007615,0.0,0.18280479267744926,0.34641702444492106,0.5939415765982673,0.2567266062938076,-0.41164944626917793,0.4841968080016197
100-Eure-et-Loir_,0.2571092383131274,0.0,18.806909527592378,0.0,25.291690709293167,0.0,0.21024886983997873,0.3940934474182296,0.6390370567348151,0.2571092383131274,-0.11603169630206603,1.0036100701642061
400-Loiret_,0.25784204392046184,0.0,18.796211390339206,0.0,25.28250276175645,0.0,0.19987359041753702,0.38475531267101903,0.6509399785720342,0.25784204392046184,-0.6295256850139512,1.0056360505386621
300-Cher_,0.2589010563666788,0.0,22.358229553035187,0.0,29.221188895934993,0.0,0.18054041812339877,0.3272374697447947,0.5462214610256337,0.2589010563666788,-0.5871546059629755,0.2629270866909348
400-Haute-Vienne_,0.25899154312798545,0.0,21.70667113335091,0.0,27.832269502323822,0.0,0.17133982142013512,0.32206973118533566,0.5486370293381206,0.25899154312798545,-0.49950795023109,0.03413396621026665
350-Puy-de-Dôme_,0.2595891931047929,0.0,23.172796090362176,0.0,29.48201257162867,0.0,0.15443484738307645,0.2921891350229679,0.5166273522160935,0.2595891931047929,-0.4159832619667819,0.20962393513241384
200-Loir-et-Cher_,0.25983460500212174,0.0,21.20742463456981,0.0,27.57256744310596,0.0,0.17051244722667055,0.32833503178531565,0.5761391760081526,0.25983460500212174,-0.4191127217874833,0.5849330460238829
450-Calvados_,0.26047299081199526,0.0,21.432352485580168,0.0,27.57119015148859,0.0,0.16227566642718,0.311922732221819,0.5615246165127286,0.26047299081199526,-0.45437309810139614,0.7073732272128104
150-Morbihan_,0.2613732925315667,0.0,20.089556802452176,0.0,26.26511123439835,0.0,0.17784542097930395,0.3458325095065776,0.6071151043079626,0.2613732925315667,-0.2859251790126946,0.6796420278638484
300-Loiret_,0.26154775916907924,0.0,18.730286066527558,0.0,25.219303950656393,0.0,0.21378635238983482,0.396270917317342,0.640488064314729,0.26154775916907924,-0.6498186406510938,0.9991687553349848
400-Meurthe-et-Moselle_,0.2618688233367289,0.0,22.29181386968953,0.0,27.988081981233883,0.0,0.1511114429558836,0.29333774212816793,0.528767386295759,0.2618688233367289,-0.14828690734960084,-0.13929465357783144
150-Deux-Sèvres_,0.2621789131211931,0.0,21.71284948310019,0.0,28.30812782839618,0.0,0.16769593175017508,0.3265168396256446,0.5740752530718788,0.2621789131211931,-0.43035621602109236,0.5906764076662601
50-Tarn_,0.2625986235260399,0.0,20.280953581285043,0.0,26.828758259917088,0.0,0.18012092491216602,0.3521529536726857,0.6123457798839774,0.2625986235260399,-0.6293771467373058,0.7897426968994865
400-Deux-Sèvres_,0.26265377288498815,0.0,21.634019569984222,0.0,28.29901684288658,0.0,0.18102756732666964,0.3373655058254281,0.5679378620997008,0.26265377288498815,-0.6871078067925108,0.5273528239011296
200-Puy-de-Dôme_,0.2634989390148582,0.0,22.791044077690472,0.0,29.404069524720814,0.0,0.156820318181012,0.30252026319990066,0.5466186616533352,0.2634989390148582,-0.4683733955391017,0.20790121965515906
100-Haute-Garonne_,0.26355691415772275,0.0,17.32722559623032,0.0,22.83149955328192,0.0,0.1952296213614884,0.38289287691160523,0.6754193752029972,0.26355691415772275,-0.3997905235115236,1.4499862952912101
300-Gironde_,0.26355827207733395,0.0,20.59449914805637,0.0,27.10594152268175,0.0,0.16814052476685115,0.3301962816885408,0.6028357716188535,0.26355827207733395,-0.3859461971333998,1.0085677642421116
350-Cher_,0.2635664656175729,0.0,22.509512160939337,0.0,29.129066217551863,0.0,0.18320146074254412,0.33217738396863367,0.5356622174411527,0.2635664656175729,-0.5808490301519221,0.00846180045296041
350-Aisne_,0.26390063696708776,0.0,23.122144278875968,0.0,28.878098324152628,0.0,0.14432449105490439,0.27462471725272464,0.4983137980670368,0.26390063696708776,0.19567457216228953,-0.09104562518564263
350-Allier_,0.26396461646312563,0.0,25.46674430868501,0.0,31.59590389373626,0.0,0.13329869971121672,0.2555655721423442,0.4584625727688053,0.26396461646312563,-0.18132908951475407,-0.36953796507464576
450-Meurthe-et-Moselle_,0.26399451370518245,0.0,22.288354621872234,0.0,27.947752502491948,0.0,0.14483957675569586,0.28778052734874987,0.5312739994880109,0.26399451370518245,-0.15614290627374425,-0.15271494898623672
350-Vienne_,0.264427989454037,0.0,21.1540003496186,0.0,28.286146381484627,0.0,0.17600510398337088,0.34492019880838454,0.6090719188302,0.264427989454037,-0.6619766153791734,0.5757239276963695
400-Finistère_,0.264548181952563,0.0,19.892558012025763,0.0,25.653169309754876,0.0,0.18315279188433478,0.34462442387922,0.5888065650455029,0.264548181952563,-0.280744245888229,0.413204806479587
350-Maine-et-Loire_,0.26585305546164684,0.0,22.046121498210468,0.0,28.169415189217908,0.0,0.165080700629712,0.31204466080360066,0.5408311129808816,0.26585305546164684,-0.7079489869020505,0.7018035947217518
400-Côtes-d'Armor_,0.2659289515526062,0.0,22.17991894788926,0.0,28.474790854640318,0.0,0.17298431831129502,0.31976852268297806,0.5385625618422236,0.2659289515526062,-0.47469205804342895,0.15756241986000896
400-Loire-Atlantique_,0.26668249164047353,0.0,20.63620072747893,0.0,26.9188891695838,0.0,0.17730456808454886,0.3367211110140623,0.5875901825486942,0.26668249164047353,-0.7054944600999747,0.9256987452614678
150-Calvados_,0.2670380459864522,0.0,21.306874555049276,0.0,27.44853750287796,0.0,0.16777151491359962,0.31896660272125976,0.5624875010184356,0.2670380459864522,-0.35765423737712837,0.5213105917634016
100-Vendée_,0.26772619986467217,0.0,19.758279605100785,0.0,25.87102097512874,0.0,0.17285085200076583,0.34324334673559254,0.6199349033122725,0.26772619986467217,-0.5629701317512888,1.2951362961390291
200-Deux-Sèvres_,0.2682424351882279,0.0,21.182394038274634,0.0,28.191567680975723,0.0,0.19185076717387153,0.3577003883618769,0.5938498758515312,0.2682424351882279,-0.7516462791901719,0.6333249105529433
300-Loire-Atlantique_,0.2688505216912769,0.0,20.648666722649768,0.0,26.879067291983116,0.0,0.1777762249978164,0.33647654817014583,0.5841802777535156,0.2688505216912769,-0.677795972629611,0.8503677893229598
50-Haut-Rhin_,0.26889584362175567,0.0,20.476495625512793,0.0,25.830427094672547,0.0,0.16631221407916277,0.31763796875717193,0.5637096650805551,0.26889584362175567,-0.35058549006986295,0.09123841685651612
150-Loir-et-Cher_,0.26936591632429385,0.0,20.883449218086543,0.0,27.39446247953078,0.0,0.18663560925898967,0.3470422671907604,0.5817804629494832,0.26936591632429385,-0.46853082792233103,0.5796710950692332
50-Moselle_,0.2700484541757654,0.0,19.722851614858218,0.0,25.425040347407464,0.0,0.17770906215043497,0.34099734241519597,0.6014620278868282,0.2700484541757654,-0.15460373956696233,0.38314767536241856
250-Somme_,0.2701097418455438,0.0,23.20641654986153,0.0,29.322559161335484,0.0,0.13543803157047354,0.2648419726295894,0.5076126141892128,0.2701097418455438,0.19690068735445118,0.12976475120465603
300-Deux-Sèvres_,0.27049652946767977,0.0,21.02899739355363,0.0,28.148113764759522,0.0,0.18720315782772012,0.3556376138027631,0.6050168714585853,0.27049652946767977,-0.6875203337773874,0.7210299236170203
450-Allier_,0.27087754715040246,0.0,25.250029479140206,0.0,31.447177637898672,0.0,0.13814231362782098,0.2623955261509313,0.4643451953489083,0.27087754715040246,-0.26487944299098376,-0.34020846726417586
200-Allier_,0.27096469270352264,0.0,24.973631051771854,0.0,31.44529828034365,0.0,0.1437651840420493,0.2701116934313261,0.48083181811236575,0.27096469270352264,-0.335548068310642,-0.20996003286059084
150-Allier_,0.2715685688298778,0.0,25.13550285157384,0.0,31.432272163074057,0.0,0.13412379482634804,0.2594312955521262,0.47281006004858894,0.2715685688298778,-0.34639990688847755,-0.24633550601736642
100-Hérault_,0.2721522746736037,0.0,18.586725975049934,0.0,25.19958945529482,0.0,0.20915240748109828,0.39829808074933426,0.6641464385196976,0.2721522746736037,-0.5828739342493899,1.2087664106793303
300-Loir-et-Cher_,0.27260713994227515,0.0,20.847060752191496,0.0,27.333631570021236,0.0,0.1864536322608822,0.3474062211869753,0.5855655845101179,0.27260713994227515,-0.5147739180223817,0.4883467126646557
250-Seine-Maritime_,0.27284209671851356,0.0,23.023238637516556,0.0,29.404381852178314,0.0,0.14995995099886922,0.28760483415001886,0.5172622973991707,0.27284209671851356,-0.3686330760431191,0.786007874503571
300-Aisne_,0.2728667499879396,0.0,23.59379892853241,0.0,28.701683558072446,0.0,0.11746864075673452,0.2380012338062924,0.4738844334772774,0.2728667499879396,0.19361135548576017,-0.3755938308238167
300-Côtes-d'Armor_,0.2729034678879443,0.0,21.994388016587536,0.0,28.339196435232985,0.0,0.17913106053791492,0.3277862732751642,0.5433780096548829,0.2729034678879443,-0.502691337972231,0.03362888641589956
450-Côtes-d'Armor_,0.27341051920816817,0.0,22.113120074436722,0.0,28.32931333691808,0.0,0.163407394081137,0.3126143144133609,0.5479355941351084,0.27341051920816817,-0.3801440951744536,0.025318056642693154
150-Vienne_,0.2735302965602233,0.0,21.706107505624285,0.0,28.11058867621127,0.0,0.16266888936910237,0.31338046285720167,0.5677152471212916,0.2735302965602233,-0.3684815549718167,0.5933779542207138
350-Deux-Sèvres_,0.2737245045996094,0.0,20.812930159709346,0.0,28.085768518348576,0.0,0.18335773858789076,0.35598140956261537,0.6236837079009359,0.2737245045996094,-0.6844414309165116,0.7912527668562759
400-Allier_,0.27402837097736965,0.0,24.975530099662585,0.0,31.379156282994373,0.0,0.14206915519427935,0.27087567038978105,0.4765993857625254,0.27402837097736965,-0.2946982267832634,-0.24702899907932796
300-Vienne_,0.2742735602850167,0.0,21.176510011486535,0.0,28.09620478130947,0.0,0.18259088897807138,0.34511571430041466,0.592669198077774,0.2742735602850167,-0.6822944537107464,0.6094072495733149
350-Indre-et-Loire_,0.2747916364662696,0.0,19.74234152269177,0.0,25.926104651889307,0.0,0.1939709997456118,0.3614509377673967,0.6051663930066372,0.2747916364662696,-0.6855258596999322,1.1900035417458596
50-Gironde_,0.2750327729038512,0.0,20.424096287761742,0.0,26.893943616636637,0.0,0.17638016663885803,0.34252201912051317,0.6032049757354794,0.2750327729038512,-0.4869153740191593,0.8739897272856703
400-Nord_,0.27503576115888995,0.0,23.61305261210585,0.0,29.108864817179775,0.0,0.12032833614864864,0.24003453788610038,0.48095137548262545,0.27503576115888995,-0.10115051911827619,0.004967536302863174
400-Puy-de-Dôme_,0.27556385645746995,0.0,22.962892504237203,0.0,29.162235147263935,0.0,0.15137541457531525,0.29273894613624674,0.5280403667772201,0.27556385645746995,-0.3499282794688362,0.035992696230392696
250-Loir-et-Cher_,0.27566522645154534,0.0,20.89780164825903,0.0,27.27611337387848,0.0,0.18775173484738195,0.34710292619012956,0.5724511088465085,0.27566522645154534,-0.4342213899586741,0.5270736575955626
100-Gironde_,0.2757648917106772,0.0,20.179317729055764,0.0,26.880360564441105,0.0,0.18055856322798,0.3509888635258283,0.6164963239340119,0.2757648917106772,-0.4806851194790929,1.0617005492469938
250-Loiret_,0.27587242063836326,0.0,18.595948006117965,0.0,24.97350123422463,0.0,0.20935430910226072,0.3897114932517324,0.6477026599967627,0.27587242063836326,-0.6390579423373269,0.9737248036671513
150-Manche_,0.276030916677132,0.0,20.015309529392184,0.0,26.22274419217169,0.0,0.1766824238814859,0.3449248120300752,0.6107161468026502,0.276030916677132,-0.49943747514456055,0.962278445213097
300-Indre-et-Loire_,0.2766256899717553,0.0,19.59129009871861,0.0,25.893300311085515,0.0,0.18894105131703706,0.36186720936148564,0.6218519460697024,0.2766256899717553,-0.720152632348759,1.0898735860746411
350-Nord_,0.27667243892487103,0.0,23.419596610382257,0.0,29.07598819464741,0.0,0.13126659025096524,0.2591661136583011,0.4945780043436293,0.27667243892487103,-0.10127696045616749,-0.14645352707591197
450-Maine-et-Loire_,0.27673647022642667,0.0,21.512554810712345,0.0,27.95983578578294,0.0,0.17223925048914532,0.32566059659033997,0.568390194389353,0.27673647022642667,-0.7220931762892426,0.7160507496388195
350-Haute-Vienne_,0.27727883574723544,0.0,21.18485206124261,0.0,27.486688787555646,0.0,0.18292625312987196,0.33945528416875326,0.5638966315491094,0.27727883574723544,-0.5549583971645526,0.1754680503463022
350-Côtes-d'Armor_,0.2773831621134074,0.0,22.049437527114534,0.0,28.25176163657083,0.0,0.17927498425834307,0.3238463614284429,0.5333153428682798,0.2773831621134074,-0.48691091208687304,0.1754595625105062
150-Saône-et-Loire_,0.2779653951472092,0.0,23.147657406002004,0.0,29.721050561738444,0.0,0.16219444223266183,0.30436340472967593,0.530097937733896,0.2779653951472092,-0.46722601878363346,0.010059488125699456
350-Meurthe-et-Moselle_,0.27814941189876885,0.0,21.973002803804768,0.0,27.67770142922742,0.0,0.1525940779930028,0.29685766703643657,0.5375245328099667,0.27814941189876885,-0.09075158800379579,-0.08194221714201433
50-Hérault_,0.2781822953490527,0.0,18.613781092973987,0.0,25.094986476457525,0.0,0.2016468211454284,0.3893293336190272,0.6628240839940005,0.2781822953490527,-0.7458026523147421,1.3648694489592383
150-Nord_,0.27841735707884063,0.0,23.82785408791428,0.0,29.040896310211505,0.0,0.12046784507722008,0.23958961751930502,0.46909688706563707,0.27841735707884063,-0.1316593560814588,-0.3164840015657058
150-Oise_,0.27893374037571717,0.0,21.010354248208394,0.0,27.103384839917144,0.0,0.17517649127802296,0.33414844528561016,0.5679711249382384,0.27893374037571717,-0.1734899174179459,0.2874807296899884
200-Saône-et-Loire_,0.27924349019485784,0.0,23.054710177791552,0.0,29.694733850353256,0.0,0.1614380125806195,0.30611513655545824,0.5334023409507127,0.27924349019485784,-0.4080703083062205,0.06836063451973917
300-Seine-Maritime_,0.2806846109055984,0.0,22.93938903434745,0.0,29.245386513921947,0.0,0.1491589709762533,0.287434036939314,0.521214191481342,0.2806846109055984,-0.3315680635736102,0.5942679498491166
250-Aisne_,0.28099032295615356,0.0,23.43298556598253,0.0,28.540904839900772,0.0,0.11685173761052849,0.2389060250873946,0.479015011309891,0.28099032295615356,0.18132008252974233,-0.3358996472240223
400-Vendée_,0.28103776148884874,0.0,19.359852611140777,0.0,25.6347956966864,0.0,0.17974727168294083,0.35317633543940263,0.6354891824621864,0.28103776148884874,-0.8500018712699158,1.4014382716607878
250-Maine-et-Loire_,0.2816656627190073,0.0,21.7573469110416,0.0,27.864396829166502,0.0,0.16022597511869704,0.3062951165601565,0.5509545846104533,0.2816656627190073,-0.6053176793660069,0.9149589426720119
450-Loire-Atlantique_,0.2816992392294084,0.0,20.334180478627363,0.0,26.64184335882188,0.0,0.18086121058607738,0.3451235915800507,0.5999301249017381,0.2816992392294084,-0.5698342108993084,0.8758960433570788
150-Côtes-d'Armor_,0.2817483395251539,0.0,21.941665424405144,0.0,28.166300882348096,0.0,0.16793499445293994,0.31654822943839767,0.5523492548949057,0.2817483395251539,-0.400037160530968,0.044132689846381634
300-Meurthe-et-Moselle_,0.28214146227039105,0.0,21.73093666189288,0.0,27.601062325675223,0.0,0.16936172028330063,0.3167079102312484,0.5402551412236539,0.28214146227039105,-0.07191863123734256,-0.08330469705392796
150-Vendée_,0.2822054547610219,0.0,19.538536904919496,0.0,25.613970025459466,0.0,0.17551598698066245,0.3467394217882443,0.6247022783840704,0.2822054547610219,-0.6344739840788425,1.352657250648262
250-Calvados_,0.28228348081554444,0.0,20.944347044993382,0.0,27.161575943296288,0.0,0.1652013539637511,0.3245365192465799,0.5818785136025953,0.28228348081554444,-0.24436686569946423,0.6328243633647621
250-Cher_,0.28312370330210646,0.0,21.834858388346902,0.0,28.739677802396127,0.0,0.18736287845546293,0.34127871590539144,0.5645798242013333,0.28312370330210646,-0.529455725456387,0.33645696047652507
250-Allier_,0.28347881308774514,0.0,24.826699841644885,0.0,31.174245852017155,0.0,0.14614879215242868,0.2742982871636591,0.47695081516341464,0.28347881308774514,-0.2947011446158436,-0.2711064368207441
200-Ille-et-Vilaine_,0.28378286592042046,0.0,20.192864366993337,0.0,26.23666069538376,0.0,0.17782864338231372,0.33722828696737844,0.5930573785361377,0.28378286592042046,-0.7106812196595308,1.0374344079256268
100-Loir-et-Cher_,0.28431648390807407,0.0,20.877677665351694,0.0,27.1127348328612,0.0,0.18198912990731306,0.33901101567428543,0.573191148638812,0.28431648390807407,-0.42972874598547267,0.6127989772883495
150-Loiret_,0.2845260037655143,0.0,18.901176129023884,0.0,24.823831610578658,0.0,0.19353769549164848,0.3687922489343826,0.6252110037999954,0.2845260037655143,-0.4337147707388228,1.0168412822757027
250-Vienne_,0.2847883082368594,0.0,21.446156440621575,0.0,27.891925049352544,0.0,0.1780631617942148,0.33512384362876757,0.5687339857376594,0.2847883082368594,-0.5009248940554113,0.40447243662397625
450-Somme_,0.2849495013878368,0.0,23.554031951104268,0.0,29.02294270771402,0.0,0.12549088236323544,0.24833572503587553,0.48277624164362465,0.2849495013878368,0.09518778909916142,-0.25539066983093983
100-Allier_,0.2850948305434836,0.0,24.50114077464697,0.0,31.1390713423578,0.0,0.1484407230277935,0.28018090974376214,0.4993200605069751,0.2850948305434836,-0.27845124788144215,-0.0915179529638368
100-Meurthe-et-Moselle_,0.28515948539869607,0.0,21.99796377130413,0.0,27.542980978292196,0.0,0.15552734874989332,0.297028330062292,0.5302393548937623,0.28515948539869607,-0.29171723446461184,-0.22222316297392242
450-Seine-Maritime_,0.2855432969198496,0.0,22.446732207239684,0.0,29.146448750593226,0.0,0.16883598756125143,0.31673459291368267,0.5460916886543536,0.2855432969198496,-0.5054653937221865,0.33437244617724593
250-Côtes-d'Armor_,0.28555177501041773,0.0,21.65667938253468,0.0,28.09162586698093,0.0,0.1758028245030134,0.3291595454409163,0.5628676801295314,0.28555177501041773,-0.47272155819050576,0.15859135887001852
100-Oise_,0.28561609925648745,0.0,20.816978471904545,0.0,26.977504513598728,0.0,0.18055288038790396,0.34073075344817483,0.5755332423311086,0.28561609925648745,-0.1051139667182984,0.31889424726975824
150-Gironde_,0.2862759968296881,0.0,20.00824096620318,0.0,26.68458507577006,0.0,0.17964620305516407,0.350885912377923,0.6208451224231151,0.2862759968296881,-0.616503764144228,1.1314318932574272
100-Deux-Sèvres_,0.2865867941652185,0.0,21.041130044837196,0.0,27.8359590263736,0.0,0.17545043611128797,0.341541987648819,0.6042656140574266,0.2865867941652185,-0.41627536851011643,0.6580882215837964
300-Allier_,0.2867730167214706,0.0,24.856624046923823,0.0,31.102501553214786,0.0,0.14228306874264673,0.2707839931547665,0.4718168900025975,0.2867730167214706,-0.2404650259993009,-0.2779340190050834
200-Finistère_,0.2869339665672782,0.0,19.437823050879615,0.0,25.25973495636196,0.0,0.18423320802664217,0.3502166902038223,0.6115357690580147,0.2869339665672782,-0.34040204473759816,0.4647213363190983
200-Gironde_,0.28696704254422245,0.0,20.16898754159024,0.0,26.671663600644493,0.0,0.17749132902831866,0.34570285458682865,0.6125664301156958,0.28696704254422245,-0.5152019148606202,0.7981787682353727
350-Finistère_,0.28711734189279325,0.0,19.36352055872967,0.0,25.256486792981214,0.0,0.19006826449558326,0.355165562645927,0.6112565603920252,0.28711734189279325,-0.35705899905378086,0.4801333974069504
250-Finistère_,0.2872417704490353,0.0,19.089035498685266,0.0,25.254282527458386,0.0,0.19944805707186994,0.372650499540722,0.6252048541842858,0.2872417704490353,-0.4263673385587014,0.6808099925005964
50-Saône-et-Loire_,0.2873199824246545,0.0,22.790178916711042,0.0,29.527891837041643,0.0,0.1621679008413621,0.30876927568543144,0.545345967035592,0.2873199824246545,-0.42805749997866754,0.18695107556865675
50-Vienne_,0.2890511024614889,0.0,21.26050567038138,0.0,27.808680304362504,0.0,0.17083937887815268,0.3325512713652127,0.5853939637164408,0.2890511024614889,-0.41581567867209435,0.5541407564979925
50-Loir-et-Cher_,0.28908618394375907,0.0,20.608199745215614,0.0,27.022236872348504,0.0,0.18214684330567282,0.34478575241422815,0.5913281894501868,0.28908618394375907,-0.37688755209098096,0.7443572589810716
200-Calvados_,0.2906515198202262,0.0,20.934513028213615,0.0,27.002769843141202,0.0,0.1642310626541541,0.31755190317825954,0.5751679492782069,0.2906515198202262,-0.4261144907463311,0.7794026911440262
100-Morbihan_,0.29111360834840216,0.0,19.520958670738587,0.0,25.730904956325055,0.0,0.18880270000597754,0.3638478763662113,0.620900216570643,0.29111360834840216,-0.2860556423840499,0.8043429315233266
100-Vienne_,0.2913601175232633,0.0,21.296707953637746,0.0,27.763485155690265,0.0,0.16991325286327294,0.3269121929635004,0.5797034338694574,0.2913601175232633,-0.4117201487941764,0.5933463404155193
200-Maine-et-Loire_,0.29146748149936863,0.0,21.271230976656927,0.0,27.673636158363895,0.0,0.17525759427316012,0.3292398715200566,0.5726639554994625,0.29146748149936863,-0.6461624681161248,0.9510025447025057
250-Deux-Sèvres_,0.292388394683894,0.0,20.929301289333576,0.0,27.722544544169406,0.0,0.1908066467180238,0.36022155726746036,0.5964983765200229,0.292388394683894,-0.5831056627783255,0.6155251118075125
250-Loire-Atlantique_,0.2946615681809216,0.0,20.16970655742655,0.0,26.40036196110968,0.0,0.17928203336535942,0.34600401781815004,0.6025644161062101,0.2946615681809216,-0.5619474699741536,0.8408872647961738
450-Sarthe_,0.29498572108299115,0.0,23.294262513871708,0.0,29.007462870284666,0.0,0.1344140330623567,0.260939278785255,0.4940914265557106,0.29498572108299115,-0.7287591070077813,0.6081914070800627
150-Loire-Atlantique_,0.29562252044100124,0.0,20.039570274542946,0.0,26.382371920386095,0.0,0.18366669578129094,0.35209363263167087,0.609558913442222,0.29562252044100124,-0.6004711415136296,0.9521780649236979
200-Cher_,0.29585892894650767,0.0,21.417184143839616,0.0,28.483255321074736,0.0,0.1948081359962632,0.35238998428852497,0.5835468301037523,0.29585892894650767,-0.5285182994776086,0.43978688241568786
400-Somme_,0.2963214909486539,0.0,23.15188819885521,0.0,28.791230825043993,0.0,0.13440901613524203,0.26358195372930593,0.4972804592068881,0.2963214909486539,0.1327649860193283,-0.12440239764997418
250-Meurthe-et-Moselle_,0.2963753547557815,0.0,21.560722259279302,0.0,27.326051603541067,0.0,0.1704496970731291,0.3190331939585289,0.5405751343971329,0.2963753547557815,-0.014436957439163074,-0.13130422236198935
450-Loire_,0.297006926105146,0.0,24.49105380572012,0.0,30.534133924065955,0.0,0.1447459620675894,0.26922349877129237,0.46949234420617086,0.297006926105146,-0.3528706711306474,-0.052755136405878034
50-Morbihan_,0.2970194102245416,0.0,19.449569501276116,0.0,25.62349743964635,0.0,0.19465608489937053,0.3686069127877838,0.6208404412339469,0.2970194102245416,-0.2881332280664262,0.740539811881685
150-Maine-et-Loire_,0.29728227338318736,0.0,21.583678998282984,0.0,27.559846074551835,0.0,0.15690045475489311,0.3044720903366255,0.5589545311884394,0.29728227338318736,-0.5280467928407806,0.7471117425179505
100-Loire-Atlantique_,0.29848383221137775,0.0,19.994059465141607,0.0,26.32873235115225,0.0,0.18655952484933183,0.3550982618569307,0.6112953096340292,0.29848383221137775,-0.5233154871243616,0.9497008686225876
50-Indre-et-Loire_,0.2988667779497942,0.0,19.297636681090882,0.0,25.492130949114483,0.0,0.1919012048750029,0.3679378367752827,0.6231470132513124,0.2988667779497942,-0.45851456420176046,1.2205680324150032
50-Haute-Garonne_,0.29914498028131375,0.0,16.675314267492396,0.0,22.273011231811953,0.0,0.20653799880145837,0.40022140997900263,0.7015265394626691,0.29914498028131375,-0.3702789138240295,1.5904912341884705
250-Haute-Vienne_,0.29925488477685114,0.0,20.746270276751456,0.0,27.065563806289177,0.0,0.1762295081967213,0.3363962772239807,0.5883804979449142,0.29925488477685114,-0.5096913008442974,0.3667175952504693
200-Meurthe-et-Moselle_,0.29932186403225747,0.0,21.579511471724018,0.0,27.26877608382054,0.0,0.16454048980288422,0.31059604061780016,0.5414391159655261,0.29932186403225747,-0.05859689761397942,-0.0901270288647309
250-Nord_,0.300149317770535,0.0,23.34032777975885,0.0,28.60023965460893,0.0,0.1190765263030888,0.23954437138030887,0.4785457890926641,0.300149317770535,-0.11422957727054664,-0.06081704891852269
200-Loiret_,0.30039378530454397,0.0,18.43805813034254,0.0,24.547016749535395,0.0,0.20297216676815402,0.3872989201230181,0.6482267972899018,0.30039378530454397,-0.5865865267873476,1.065938000491344
350-Seine-Maritime_,0.3006184378020744,0.0,22.530818382030247,0.0,28.837312185112918,0.0,0.16118545043347154,0.3042781756502073,0.529188654353562,0.3006184378020744,-0.4023945934253787,0.4308154130202815
100-Calvados_,0.30145985323623536,0.0,20.545281081480745,0.0,26.796259752092087,0.0,0.17185266385701906,0.33384687173637706,0.5929813126337854,0.30145985323623536,-0.4105863779679743,0.7997695075431626
450-Haute-Vienne_,0.30216184158862336,0.0,20.862926854225382,0.0,27.009366345869353,0.0,0.17560353380261728,0.3330892426890915,0.5756484149855907,0.30216184158862336,-0.47295353728756084,0.296687102358526
50-Deux-Sèvres_,0.3023373881792293,0.0,20.452113722807706,0.0,27.526965667450547,0.0,0.17895205959126503,0.36093461513974656,0.6338193162284331,0.3023373881792293,-0.4509640225269512,0.756623924919031
50-Loire-Atlantique_,0.30278136456995663,0.0,19.729123080311325,0.0,26.247962722375995,0.0,0.19459166739453226,0.3667988470608787,0.6205782164381168,0.30278136456995663,-0.6272133391607815,0.9094937219139374
150-Finistère_,0.303805663816765,0.0,18.937488309994393,0.0,24.959113584625396,0.0,0.19260137500151744,0.36962371574129904,0.6329903248127482,0.303805663816765,-0.270880371835347,0.7057713408457236
200-Vienne_,0.3039520070697057,0.0,20.880632139490977,0.0,27.51571354731458,0.0,0.1720021815412795,0.34125685590508237,0.6031755832021322,0.3039520070697057,-0.4841708706548054,0.6547143288043649
150-Ille-et-Vilaine_,0.30583068491395005,0.0,19.590500120706462,0.0,25.82967321785334,0.0,0.1876780740788168,0.3585491564490828,0.6196124254356479,0.30583068491395005,-0.48476290439029424,0.8508480607869688
50-Haute-Vienne_,0.30584866724046345,0.0,20.70525676391907,0.0,26.937923779973097,0.0,0.17764680871167382,0.33562857277838143,0.5836679737326971,0.30584866724046345,-0.446013333510492,0.5207494105849291
200-Aisne_,0.3076560293059867,0.0,22.785561570880002,0.0,28.006660511133063,0.0,0.1297038864898211,0.2555521283158544,0.4979333744602097,0.3076560293059867,0.17267997444945232,-0.2501661836833611
100-Indre-et-Loire_,0.3082322357541183,0.0,18.992916240653763,0.0,25.321301707556394,0.0,0.20543003168289356,0.38343239055526007,0.6314840082329272,0.3082322357541183,-0.5670431574595134,1.1786100580184957
50-Loiret_,0.3085233940223271,0.0,18.35963150506981,0.0,24.403978595911223,0.0,0.20592429299274687,0.3874684939531514,0.6471862306049931,0.3085233940223271,-0.515701660499465,1.0773458871991943
200-Nord_,0.309656554235723,0.0,22.856310250676277,0.0,28.405313062870317,0.0,0.13431316361003862,0.2652479488416989,0.504222972972973,0.309656554235723,-0.056152332734365235,-0.05618612329457395
200-Haute-Vienne_,0.31065376497308383,0.0,20.4421323094206,0.0,26.84452617895062,0.0,0.17963102943260736,0.34759295129210566,0.5991756035338026,0.31065376497308383,-0.44887902783403694,0.5024323629014349
250-Indre-et-Loire_,0.31192215564266634,0.0,18.591786126342132,0.0,25.253678938958764,0.0,0.20796235054693463,0.39808283804722366,0.6601142434263777,0.31192215564266634,-0.6833870016093435,1.2462013540265815
100-Loiret_,0.31223108540425115,0.0,18.094527841286002,0.0,24.338463697720428,0.0,0.21330075460354408,0.40177435889530355,0.6587326668567949,0.31223108540425115,-0.5931176152162799,1.0808313695467957
50-Finistère_,0.3123589487085726,0.0,18.837138534218838,0.0,24.805318763165246,0.0,0.19664383090475748,0.3735285905627471,0.6329093947646351,0.3123589487085726,-0.26131980664865745,0.8455390075167286
150-Haute-Vienne_,0.31325211504423833,0.0,20.558209534455536,0.0,26.793885930538938,0.0,0.16898946473283885,0.3304199933859309,0.5962819483157745,0.31325211504423833,-0.450840440222776,0.46597504646678445
50-Meurthe-et-Moselle_,0.3154893493384393,0.0,21.139003443447372,0.0,26.952339452843077,0.0,0.17200699718406007,0.32213712774127484,0.5571614472224593,0.3154893493384393,-0.09211160619157199,0.032885661039804504
400-Seine-Maritime_,0.3155870107948656,0.0,22.313249134361364,0.0,28.52704657897282,0.0,0.1615093761779118,0.3040190350546551,0.5324102431209952,0.3155870107948656,-0.4094808316375824,0.34555749756659626
150-Indre-et-Loire_,0.315641619068568,0.0,18.951617726223013,0.0,25.18533099181926,0.0,0.20652852616729492,0.3795587521102657,0.6294604657616614,0.315641619068568,-0.5960666711332437,1.2028846772786208
300-Maine-et-Loire_,0.3174888795376798,0.0,20.62884875220992,0.0,27.1607150371494,0.0,0.18383182750031718,0.34638833797437074,0.593157975572784,0.3174888795376798,-0.6939329235184925,0.8898371897037327
100-Maine-et-Loire_,0.3185526334823716,0.0,20.57217057871405,0.0,27.139540595089265,0.0,0.18065989542640784,0.34668883680242535,0.602279784442174,0.3185526334823716,-0.43527360044156416,0.9473665336205275
100-Haute-Vienne_,0.3197742981272672,0.0,20.18551055869276,0.0,26.66634892938467,0.0,0.18631596352813343,0.3558369159540795,0.6088604903859782,0.3197742981272672,-0.5456027202817146,0.5557201262301996
400-Maine-et-Loire_,0.3199422372501546,0.0,20.52923813817395,0.0,27.111855071972677,0.0,0.18900708509459035,0.3528390461499422,0.6000227043558974,0.3199422372501546,-0.6514732317076137,0.7088121946881718
200-Somme_,0.3203600669014429,0.0,22.31423153903461,0.0,28.295184612551743,0.0,0.16615449231738477,0.29834447516712753,0.5215778236673551,0.3203600669014429,0.186032734217543,0.0796434207909007
300-Nord_,0.32100484408615404,0.0,22.645313132223475,0.0,28.170873608424184,0.0,0.13402660472972974,0.26492368484555984,0.5108100567084942,0.32100484408615404,-0.1323358436965323,0.018676636178806216
50-Vendée_,0.3214807880899718,0.0,18.601853284899722,0.0,24.903357011702738,0.0,0.19614014933946008,0.3813900057438254,0.6542982959984683,0.3214807880899718,-0.6257608495598764,1.51243908711605
150-Aisne_,0.32213856345870184,0.0,22.129412455228334,0.0,27.712189084930316,0.0,0.14869422167386387,0.2864384125025704,0.5208307629035575,0.32213856345870184,0.17287128422987474,-0.0484139116848894
400-Pas-de-Calais_,0.32220636621120313,0.0,22.104964652610896,0.0,27.24796093722934,0.0,0.1326684911866723,0.2632871976194121,0.5115725097355441,0.32220636621120313,-0.02721377224594239,-0.1426576262021939
350-Pas-de-Calais_,0.32305839180137663,0.0,22.127698020395112,0.0,27.230829424494853,0.0,0.12744508705051283,0.2566786019646571,0.5155526018078429,0.32305839180137663,-0.11229812601719465,-0.11676807277555312
400-Loire_,0.324127672182271,0.0,23.661465684917548,0.0,29.93935333704705,0.0,0.15038541513515785,0.2860473420007982,0.5078448257755561,0.324127672182271,-0.42861668630357236,-0.1019063740122097
100-Aisne_,0.32484696697690707,0.0,22.236152532515938,0.0,27.65677148179424,0.0,0.14285420522311332,0.2794159983549249,0.5144663787785317,0.32484696697690707,0.2094647594105323,-0.1359663021806039
200-Indre-et-Loire_,0.3254224731108547,0.0,18.268541880858788,0.0,25.004708856138993,0.0,0.2139289100622095,0.40541384334312347,0.6734002451377166,0.3254224731108547,-0.7039481418567116,1.2133712758298163
50-Calvados_,0.3290503936624789,0.0,19.767852578186915,0.0,26.26173681403538,0.0,0.18242217300812527,0.35228240661871996,0.6266970839413084,0.3290503936624789,-0.4332870118846138,0.9538057750603874
100-Cher_,0.33033670354949474,0.0,21.49997137484087,0.0,27.77717230290105,0.0,0.17257144474797945,0.3249727526221178,0.5630228311794929,0.33033670354949474,-0.3150943039081094,0.35515885398832703
150-Cher_,0.33085330504351185,0.0,20.9895901266323,0.0,27.766456098709398,0.0,0.18893402595932002,0.35360726974196377,0.5905957621480842,0.33085330504351185,-0.4637582908288768,0.459762267999948
450-Pas-de-Calais_,0.3315938820941621,0.0,21.560857680683224,0.0,27.05860939831035,0.0,0.14150982141857052,0.28229904455388244,0.5413970645887549,0.3315938820941621,-0.05275607203226935,0.16057556980029286
250-Loire_,0.33200004008946127,0.0,23.37144288016999,0.0,29.76448010731099,0.0,0.15518472621873097,0.29591901031274287,0.523376950704669,0.33200004008946127,-0.4266448873630062,-0.10272893707486208
300-Loire_,0.3339936416791103,0.0,23.054300445757267,0.0,29.720031860623124,0.0,0.1565184516183235,0.2982714078679297,0.5374598307113903,0.3339936416791103,-0.4352773817152861,0.16997460301568523
200-Loire_,0.33407561080382575,0.0,23.269795672433972,0.0,29.718202899135605,0.0,0.1507319737035559,0.29518388607674695,0.5296150049358341,0.33407561080382575,-0.38971124235702836,-0.013163058173944364
50-Côtes-d'Armor_,0.33446179160037537,0.0,20.67280137205992,0.0,27.113026063965364,0.0,0.1930976582411322,0.3598212947138017,0.587478636322749,0.33446179160037537,-0.4239804611686605,0.2951015403439001
100-Côtes-d'Armor_,0.3345350897570537,0.0,20.500626073454505,0.0,27.1115329945003,0.0,0.1961920182303379,0.364282930047075,0.6001259332553746,0.3345350897570537,-0.39491913410139856,0.3624090981226269
150-Loire_,0.33519660621651637,0.0,23.21819109713477,0.0,29.693179036525024,0.0,0.1600680515007036,0.3018945201739094,0.5265589884690512,0.33519660621651637,-0.43279267792627285,-0.04959495421974669
100-Somme_,0.33557439976863945,0.0,22.71061532854145,0.0,27.976685858549093,0.0,0.13048895733436003,0.259248888733331,0.5020685310279654,0.33557439976863945,0.12465131958123024,-0.26198727467869176
100-Finistère_,0.33599018063682706,0.0,18.216634690373493,0.0,24.375367122571937,0.0,0.2104828691320657,0.3990579742399657,0.6551732510004977,0.33599018063682706,-0.3232399130603381,0.83757359408142
350-Loire_,0.336853202738169,0.0,23.170140388063963,0.0,29.65616034858712,0.0,0.15658146226712313,0.29620255823234126,0.5282917813110416,0.336853202738169,-0.3451964839488707,0.04418671889122239
150-Pas-de-Calais_,0.3391738542258954,0.0,21.668931449792176,0.0,26.90474462379966,0.0,0.13932562454962608,0.27481677015154965,0.5286876523804012,0.3391738542258954,-0.0640469995294674,-0.004471619197648824
400-Sarthe_,0.3401880789005238,0.0,21.24918547665526,0.0,28.06214520037619,0.0,0.17473182933282025,0.33136113649846877,0.5881235268651691,0.3401880789005238,-0.8087406018920684,0.8173068064485443
100-Loire_,0.3402700908388834,0.0,22.91214885280212,0.0,29.579659453070665,0.0,0.16320808216588603,0.3108210287538594,0.5407573879985718,0.3402700908388834,-0.4506328612087578,0.10899533544149786
50-Allier_,0.3406090215998816,0.0,23.715021986421263,0.0,29.90562879125824,0.0,0.1437499045028802,0.27622350909896554,0.5047442969120051,0.3406090215998816,-0.10416662960762864,-0.07701594622013586
150-Somme_,0.34388235271468437,0.0,22.477176615657047,0.0,27.80122592835141,0.0,0.13566203493052395,0.2663609954149312,0.5062335935039025,0.34388235271468437,0.11770787512232835,-0.19588088951237292
50-Cher_,0.34638242453513135,0.0,21.10804503851125,0.0,27.4423718877397,0.0,0.17889849820945802,0.3351356707101304,0.5722940169004516,0.34638242453513135,-0.31257735778329643,0.4779017646082173
50-Loire_,0.3464814285645137,0.0,22.8386726572489,0.0,29.44008433959115,0.0,0.16394320640188192,0.31436012686143955,0.5409254163953707,0.3464814285645137,-0.38277020078844576,0.048632548720842106
200-Seine-Maritime_,0.3485005300194175,0.0,21.402268364795233,0.0,27.83266055272905,0.0,0.16660973426309839,0.3217701658499812,0.5707041556728233,0.3485005300194175,-0.3002732755672861,0.6364861289240302
50-Ille-et-Vilaine_,0.3486346876492912,0.0,18.66429381497703,0.0,25.02064604148807,0.0,0.21091440706000364,0.3932889415330111,0.6471705562847478,0.3486346876492912,-0.32140796574868485,1.0432114325711597
150-Seine-Maritime_,0.3501398784663361,0.0,21.442825341826783,0.0,27.79762125503683,0.0,0.16074373350923482,0.3147380324161327,0.5762462306822465,0.3501398784663361,-0.2662937204145183,0.3975073189495033
100-Ille-et-Vilaine_,0.3535661037211383,0.0,18.614113392395193,0.0,24.925751794183473,0.0,0.21238168411392472,0.39323025045085425,0.6465142832751758,0.3535661037211383,-0.47063255556324035,1.0320612652962584
200-Pas-de-Calais_,0.35427651573252916,0.0,21.32468830319479,0.0,26.595524283008373,0.0,0.14335798799998506,0.28270974823864126,0.5396161040648464,0.35427651573252916,-0.13481955796699066,0.05387556487605227
50-Somme_,0.354318626198575,0.0,21.945361118771274,0.0,27.579235085643628,0.0,0.14392915893738406,0.28383325749886246,0.5346190192852893,0.354318626198575,0.18639346697353593,0.08065547652563643
50-Aisne_,0.35618231110305176,0.0,21.12185401485066,0.0,27.007340640094306,0.0,0.16414764548632532,0.3140859551717047,0.5573822743162656,0.35618231110305176,0.32916743092390927,0.32054224606093884
100-Nord_,0.3577946716394863,0.0,21.98750908494456,0.0,27.397058018995853,0.0,0.137367277992278,0.270183548503861,0.5226720861486487,0.3577946716394863,-0.029027760608166007,0.08281669320909302
100-Seine-Maritime_,0.36178298482543614,0.0,21.206492787435554,0.0,27.547480154418793,0.0,0.17645707689408216,0.33007444402563135,0.5718113927629099,0.36178298482543614,-0.44805110721103814,0.3603497354184131
50-Maine-et-Loire_,0.36216931594129675,0.0,19.55665591242139,0.0,26.25663319309274,0.0,0.20101368271330408,0.3768989856495115,0.6287503923179144,0.36216931594129675,-0.5001846941769117,1.1442309330687461
50-Nord_,0.36314876950281694,0.0,21.59089588290476,0.0,27.28261366788621,0.0,0.15343719835907335,0.2944618725868726,0.5361441240347491,0.36314876950281694,0.07187974149617814,0.12829012400593465
50-Seine-Maritime_,0.3650250638681525,0.0,20.44704987676558,0.0,27.477421837374624,0.0,0.18182246513381078,0.35314973614775724,0.6194049189596682,0.3650250638681525,-0.5192975780693073,0.8870945343604162
100-Pas-de-Calais_,0.36621336785069325,0.0,21.00520146290071,0.0,26.348554998215707,0.0,0.1428651435782745,0.285468930266248,0.5531095869441032,0.36621336785069325,0.024965530326984727,0.17697464241520233
250-Pas-de-Calais_,0.36685096049938437,0.0,21.108982257764897,0.0,26.33529827160043,0.0,0.13992301172745703,0.2810669334996061,0.5499060982029846,0.36685096049938437,-0.06834342419493188,0.07674639771538905
300-Pas-de-Calais_,0.37148074412075294,0.0,20.88811800613264,0.0,26.238835641758875,0.0,0.14896969380173467,0.29333203899444804,0.5563392113742518,0.37148074412075294,-0.060653891195884636,0.17880940065965856
350-Sarthe_,0.39290146210667987,0.0,20.62902505163801,0.0,26.917850824142878,0.0,0.17307229784982442,0.3346240800423301,0.5921080058364199,0.39290146210667987,-0.6016063864069413,0.6664758940127045
250-Sarthe_,0.3971559547913259,0.0,20.490419081532064,0.0,26.823366042813287,0.0,0.17305626372921576,0.33190629659916304,0.5974473679991021,0.3971559547913259,-0.6742364741135695,0.8471565152538747
300-Sarthe_,0.40195909080776326,0.0,20.31380167230241,0.0,26.71629529336405,0.0,0.17215033591482676,0.34042843170266324,0.6129683967482803,0.40195909080776326,-0.5870828635087928,0.7345171710386587
50-Sarthe_,0.4045153790240431,0.0,20.01408666881405,0.0,26.659135585414063,0.0,0.186276396171052,0.35776933314092385,0.6231821315759937,0.4045153790240431,-0.5377243900879672,0.957852719317307
100-Sarthe_,0.4068975926874796,0.0,19.894143989385977,0.0,26.60575771698134,0.0,0.18510590536662017,0.3621546651273911,0.6315679766543204,0.4068975926874796,-0.5428851095103079,0.8182358677539217
150-Sarthe_,0.41338422672023867,0.0,19.868397186517598,0.0,26.459866988765743,0.0,0.18286914554171277,0.35951705228726727,0.6258277614764218,0.41338422672023867,-0.5631576816645871,0.8425319273316845
200-Sarthe_,0.41514192036136344,0.0,20.002058181568188,0.0,26.42019602104652,0.0,0.18466496704988214,0.35716805361809933,0.6139304439847997,0.41514192036136344,-0.36568260600032015,0.6528200897860668
50-Pas-de-Calais_,0.43466700887462506,0.0,19.356129126449012,0.0,24.884987703223455,0.0,0.17321241221208739,0.3358174683478138,0.6070088450639017,0.43466700887462506,0.022655317490467244,0.4554555281905044
